步行最短距离（m）,步行最短时间（s）,公共服务设施名称,ID,距离分类,权重,纠正后权重
907,726,明购百货,1,0.25,0.3,0.075
907,726,名浩鑫商业广场,1,0.25,0.3,0.075
987,790,昊业商业广场,1,0.25,0.3,0.075
1171,937,优优岛(沙井店),1,0.08,0.3,0.024
1275,1020,岁宝Shirble plaza(沙井店),1,0.08,0.3,0.024
151,121,百盛佳购物广场(鸿桥花园东),2,1,0.3,0.3
454,363,美家福购物广场(沙井店),2,0.9,0.3,0.27
837,670,好万年(锦程路),2,0.55,0.3,0.165
837,670,和业商贸城,2,0.55,0.3,0.165
96,77,天源汇百货,3,1,0.3,0.3
393,314,大江豪(家美乐店),5,1,0.3,0.3
674,539,天源隆商场(西环路),5,0.55,0.3,0.165
1233,986,沙三购物广场,5,0.08,0.3,0.024
1294,1035,喜民丰百货,5,0.08,0.3,0.024
352,282,华东城购物中心,6,1,0.3,0.3
217,174,昌宏百货(沙井店),7,1,0.3,0.3
170,136,嘉丰广场(大王山工业一路),7,1,0.3,0.3
430,344,万联广场,7,1,0.3,0.3
522,418,大王山广场,7,0.9,0.3,0.27
394,315,西荟城购物广场A区,8,1,0.3,0.3
742,594,西荟城购物广场,8,0.55,0.3,0.165
498,398,亿康广场,8,0.9,0.3,0.27
872,698,新沙汇·时代广场,8,0.25,0.3,0.075
1076,861,Greenhouse,8,0.25,0.3,0.075
1213,970,hello时光城市,8,0.08,0.3,0.024
1253,1002,百佳华领创广场(建设中),8,0.08,0.3,0.024
488,390,新沙汇·时代广场,9,0.9,0.3,0.27
806,645,亿康广场,9,0.55,0.3,0.165
721,577,柔美ROMEDMAORE专柜,9,0.55,0.3,0.165
703,562,形色城购物中心(沙井店),9,0.55,0.3,0.165
834,667,天虹商场(沙井店),9,0.55,0.3,0.165
1018,814,天悦荟,9,0.25,0.3,0.075
1042,834,康惠百货(文明路),9,0.25,0.3,0.075
1137,910,百佳华领创广场(建设中),9,0.08,0.3,0.024
242,194,hello时光城市,10,1,0.3,0.3
191,153,正信百货,10,1,0.3,0.3
268,214,盛妆百货,10,1,0.3,0.3
461,369,京基百纳广场(沙井店),10,0.9,0.3,0.27
642,514,福佳购物广场,10,0.9,0.3,0.27
862,690,金惠百货,10,0.55,0.3,0.165
959,767,卓越时代广场,10,0.25,0.3,0.075
1086,869,西荟城购物广场A区,10,0.25,0.3,0.075
1300,1040,西荟城购物广场,10,0.08,0.3,0.024
229,183,乐天·玛特,11,1,0.3,0.3
569,455,世纪万众城生活超市,11,0.9,0.3,0.27
543,434,嘉盛丰百货,11,0.9,0.3,0.27
1000,800,万联广场,11,0.25,0.3,0.075
459,367,永佳福购物广场,12,0.9,0.3,0.27
536,429,福海商业中心,12,0.9,0.3,0.27
1112,890,华东城购物中心(桥南店),12,0.08,0.3,0.024
358,286,彩虹缤纷城,13,1,0.3,0.3
510,408,逸海百货(石厦路),13,0.9,0.3,0.27
543,434,万福龙洲,13,0.9,0.3,0.27
510,408,万福龙州百货,13,0.9,0.3,0.27
856,685,兴中宝e购商城,13,0.55,0.3,0.165
856,685,进口商品直购体验中心,13,0.55,0.3,0.165
970,776,康之宝超级广场,13,0.25,0.3,0.075
895,716,万福城国际跨境商品直购中心,13,0.25,0.3,0.075
212,170,汇隆城购物广场,14,1,0.3,0.3
318,254,国惠康(德丰店),14,1,0.3,0.3
735,588,康之宝超级广场,14,0.55,0.3,0.165
721,577,福源福,14,0.55,0.3,0.165
723,578,万福城国际跨境商品直购中心,14,0.55,0.3,0.165
976,781,兴中宝e购商城,14,0.25,0.3,0.075
982,786,进口商品直购体验中心,14,0.25,0.3,0.075
1282,1026,方元城,14,0.08,0.3,0.024
1268,1014,彩虹缤纷城,14,0.08,0.3,0.024
1251,1001,阿伟の店铺,14,0.08,0.3,0.024
1200,960,万福龙洲,14,0.08,0.3,0.024
1263,1010,万福龙州百货,14,0.08,0.3,0.024
342,274,昌宏百货(福永店),15,1,0.3,0.3
1130,904,福源福,15,0.08,0.3,0.024
360,288,福源福,16,1,0.3,0.3
746,597,汇隆城购物广场,16,0.55,0.3,0.165
852,682,国惠康(德丰店),16,0.55,0.3,0.165
1122,898,昌宏百货(福永店),16,0.08,0.3,0.024
1173,938,康之宝超级广场,16,0.08,0.3,0.024
1257,1006,万福城国际跨境商品直购中心,16,0.08,0.3,0.024
282,226,平新百货平价特卖场,17,1,0.3,0.3
454,363,振武国粹,18,0.9,0.3,0.27
682,546,华东商业中心,18,0.55,0.3,0.165
788,630,恒佳购物广场,18,0.55,0.3,0.165
1108,886,美惠多购物广场,18,0.08,0.3,0.024
513,410,喜港城购物中心,19,0.9,0.3,0.27
790,632,盛妆百货(松明大道),19,0.55,0.3,0.165
1226,981,天虹商场,19,0.08,0.3,0.024
989,791,百佳华商场(松岗店),19,0.25,0.3,0.075
1122,898,松白商业中心,19,0.08,0.3,0.024
1092,874,肆坊商业广场,19,0.08,0.3,0.024
1261,1009,星洲时代广场,19,0.08,0.3,0.024
289,231,金富晨商业广场,20,1,0.3,0.3
917,734,联投东方PARK,20,0.25,0.3,0.075
946,757,肆坊商业广场,20,0.25,0.3,0.075
1204,963,天虹商场,20,0.08,0.3,0.024
364,291,喜港城购物中心,21,1,0.3,0.3
520,416,盛妆百货(松明大道),21,0.9,0.3,0.27
953,762,星洲时代广场,21,0.25,0.3,0.075
888,710,百佳华商场(松岗店),21,0.25,0.3,0.075
1018,814,松白商业中心,21,0.25,0.3,0.075
633,506,松白商业中心,22,0.9,0.3,0.27
643,514,兴天濠购物广场,22,0.9,0.3,0.27
624,499,百佳华商场(松岗店),22,0.9,0.3,0.27
799,639,盛妆百货(松明大道),22,0.55,0.3,0.165
1144,915,喜港城购物中心,22,0.08,0.3,0.024
1133,906,松瑞天虹,22,0.08,0.3,0.024
1210,968,百业安家广场,22,0.08,0.3,0.024
1208,966,天虹超市(松瑞天虹店),22,0.08,0.3,0.024
1007,806,松白商业中心,23,0.25,0.3,0.075
1165,932,百佳华商场(松岗店),23,0.08,0.3,0.024
1091,873,肆坊商业广场,23,0.08,0.3,0.024
754,603,粤丰购物广场,24,0.55,0.3,0.165
715,572,雅时尚商场,24,0.55,0.3,0.165
757,606,美联购物中心(上南大街),24,0.55,0.3,0.165
825,660,联诚购物广场(上南大街店),24,0.55,0.3,0.165
896,717,上南时尚荟,24,0.25,0.3,0.075
450,360,沙井义乌商贸城,25,0.9,0.3,0.27
753,602,天虹商场(沙井店),25,0.55,0.3,0.165
979,783,形色城购物中心(沙井店),25,0.25,0.3,0.075
997,798,柔美ROMEDMAORE专柜,25,0.25,0.3,0.075
1138,910,上南时尚荟,25,0.08,0.3,0.024
1138,910,联诚购物广场(上南大街店),25,0.08,0.3,0.024
1268,1014,美联购物中心(上南大街),25,0.08,0.3,0.024
448,358,康惠百货(文明路),26,0.9,0.3,0.27
819,655,沙井义乌商贸城,26,0.55,0.3,0.165
1303,1042,天悦荟,26,0.08,0.3,0.024
1204,963,形色城购物中心(沙井店),26,0.08,0.3,0.024
1222,978,柔美ROMEDMAORE专柜,26,0.08,0.3,0.024
1299,1039,ZYAM,26,0.08,0.3,0.024
1253,1002,新沙汇·时代广场,26,0.08,0.3,0.024
257,206,康惠百货(文明路),27,1,0.3,0.3
1181,945,天悦荟,27,0.08,0.3,0.024
945,756,ZYAM,27,0.25,0.3,0.075
952,762,万利豪广场,27,0.25,0.3,0.075
1230,984,沙井义乌商贸城,27,0.08,0.3,0.024
1023,818,百佳华领创广场(建设中),27,0.25,0.3,0.075
503,402,家家乐(西乡店),28,0.9,0.3,0.27
941,753,华生购物广场(西乡店),28,0.25,0.3,0.075
478,382,瑞盛百货,29,0.9,0.3,0.27
833,666,佳联购物广场,29,0.55,0.3,0.165
853,682,深鹏百货,29,0.55,0.3,0.165
710,568,裕兴百货(爱民路),29,0.55,0.3,0.165
918,734,勤业商业城,29,0.25,0.3,0.075
1155,924,兴悦广场,29,0.08,0.3,0.024
547,438,九围商业广场,30,0.9,0.3,0.27
1218,974,华生购物广场(西乡店),30,0.08,0.3,0.024
221,177,裕兴百货(爱民路),31,1,0.3,0.3
541,433,瑞盛百货,31,0.9,0.3,0.27
907,726,新亿佳购物广场(黄田路店),31,0.25,0.3,0.075
1021,817,兴悦广场,31,0.25,0.3,0.075
385,308,和健生活广场,32,1,0.3,0.3
368,294,鹤洲小镇,32,1,0.3,0.3
457,366,锦文鹤洲商业中心(装修中),32,0.9,0.3,0.27
877,702,新亿佳购物广场(黄田路店),33,0.25,0.3,0.075
1069,855,裕兴百货(爱民路),33,0.25,0.3,0.075
971,777,全球进口商品总汇,33,0.25,0.3,0.075
1075,860,瑞盛百货,33,0.25,0.3,0.075
151,121,兴悦广场,34,1,0.3,0.3
432,346,万众百货(协会大厦A北),35,1,0.3,0.3
1161,929,全球进口商品总汇,35,0.08,0.3,0.024
1253,1002,航城里购物中心,35,0.08,0.3,0.024
142,114,美仙子,36,1,0.3,0.3
380,304,主力百货,36,1,0.3,0.3
421,337,天虹商场(合正汇一城店),36,1,0.3,0.3
940,752,Applle store,36,0.25,0.3,0.075
1084,867,碧海中心(碧海店),36,0.25,0.3,0.075
1043,834,深圳宝安店,36,0.25,0.3,0.075
1082,866,时代城,36,0.25,0.3,0.075
1264,1011,TUREHE,36,0.08,0.3,0.024
1160,928,壹号店,36,0.08,0.3,0.024
1150,920,宝安大仟里,36,0.08,0.3,0.024
1245,996,大益广场,36,0.08,0.3,0.024
537,430,时代城,37,0.9,0.3,0.27
480,384,深圳宝安店,37,0.9,0.3,0.27
406,325,宝安大仟里,37,1,0.3,0.3
789,631,乐有家铺,37,0.55,0.3,0.165
965,772,前海义乌商贸城,37,0.25,0.3,0.075
626,501,Applle store,37,0.9,0.3,0.27
888,710,大仟里,37,0.25,0.3,0.075
1257,1006,壹号店,37,0.08,0.3,0.024
272,218,壹号店,38,1,0.3,0.3
800,640,大益广场,38,0.55,0.3,0.165
617,494,大仟里,38,0.9,0.3,0.27
708,566,主力百货,38,0.55,0.3,0.165
749,599,天虹商场(合正汇一城店),38,0.55,0.3,0.165
930,744,Applle store,38,0.25,0.3,0.075
1060,848,宝安大仟里,38,0.25,0.3,0.075
1130,904,共乐城,38,0.08,0.3,0.024
1039,831,美仙子,38,0.25,0.3,0.075
1299,1039,7.7店,38,0.08,0.3,0.024
224,179,金港城,39,1,0.3,0.3
912,730,共乐城,39,0.25,0.3,0.075
1005,804,天虹商场(合正汇一城店),39,0.25,0.3,0.075
1029,823,大益广场,39,0.25,0.3,0.075
990,792,世纪佳盛购物广场(银田店),39,0.25,0.3,0.075
1082,866,主力百货,39,0.25,0.3,0.075
1239,991,美仙子,39,0.08,0.3,0.024
94,75,同盛百货,40,1,0.3,0.3
192,154,西田时代商贸广场,40,1,0.3,0.3
246,197,华佳百货,40,1,0.3,0.3
705,564,公明上村莲塘商业城,40,0.55,0.3,0.165
1156,925,顶沣源商业广场,40,0.08,0.3,0.024
451,361,涯美时尚,41,0.9,0.3,0.27
867,694,美沃百货,41,0.55,0.3,0.165
616,493,公明上村莲塘商业城,42,0.9,0.3,0.27
748,598,华佳百货,42,0.55,0.3,0.165
914,731,同盛百货,42,0.25,0.3,0.075
1071,857,顶沣源商业广场,42,0.25,0.3,0.075
1233,986,西田时代商贸广场,42,0.08,0.3,0.024
249,199,下村时代广场,43,1,0.3,0.3
304,243,四海广场,43,1,0.3,0.3
584,467,恒汇盛商业中心,43,0.9,0.3,0.27
440,352,和屯商业广场C站,43,0.9,0.3,0.27
302,242,嘉宏商业广场(装修中),43,1,0.3,0.3
282,226,兴百盛购物商场,44,1,0.3,0.3
1133,906,美沃百货,44,0.08,0.3,0.024
624,499,华凯百货(万豪店),45,0.9,0.3,0.27
760,608,惠丰购物广场,45,0.55,0.3,0.165
780,624,南方商场,46,0.55,0.3,0.165
9,7,南方商场,47,1,0.3,0.3
1121,897,和屯商业广场C站,47,0.08,0.3,0.024
1119,895,华荣百货,47,0.08,0.3,0.024
930,744,南海百货,48,0.25,0.3,0.075
1235,988,兴鼎濠(理家店),48,0.08,0.3,0.024
1266,1013,玉律商业中心,48,0.08,0.3,0.024
1166,933,万茗城商场,49,0.08,0.3,0.024
1091,873,万荟城购物中心,49,0.08,0.3,0.024
310,248,纤佳时税,50,1,0.3,0.3
1177,942,YONGHE PARK,50,0.08,0.3,0.024
792,634,OUT OF THE AIR,50,0.55,0.3,0.165
1046,837,颠狗商城,50,0.25,0.3,0.075
742,594,荟悦城生活广场,50,0.55,0.3,0.165
1268,1014,一乐会,50,0.08,0.3,0.024
515,412,深圳宝安万达广场,51,0.9,0.3,0.27
235,188,前海·燊达汇,51,1,0.3,0.3
288,230,前海·燊达汇广场,51,1,0.3,0.3
555,444,绰宜购全球进口商品集合体验馆(福城万达广场店),51,0.9,0.3,0.27
389,311,河东商业城,51,1,0.3,0.3
435,348,永盛购物广场(滨海春城店),51,0.9,0.3,0.27
675,540,WALSOON PLAZA,51,0.55,0.3,0.165
857,686,云顶汇商业广场,51,0.55,0.3,0.165
1090,872,星光美食娱乐广场,51,0.08,0.3,0.024
1090,872,卓业星光广场,51,0.08,0.3,0.024
1303,1042,百家百货,51,0.08,0.3,0.024
1079,863,东荟城时尚商场,51,0.25,0.3,0.075
940,752,天虹商场,52,0.25,0.3,0.075
940,752,富源商贸中心,52,0.25,0.3,0.075
1212,970,百家百货,52,0.08,0.3,0.024
380,304,新安湖商业城(宝民一路),53,1,0.3,0.3
510,408,海雅缤纷城,53,0.9,0.3,0.27
489,391,恒大商城(旗舰店),53,0.9,0.3,0.27
772,618,优学派专柜,53,0.55,0.3,0.165
967,774,三区购物中心,53,0.25,0.3,0.075
656,525,万科生活广场,54,0.55,0.3,0.165
659,527,百家百货,54,0.55,0.3,0.165
663,530,天虹商场,54,0.55,0.3,0.165
663,530,富源商贸中心,54,0.55,0.3,0.165
580,464,卓业星光广场,54,0.9,0.3,0.27
580,464,星光美食娱乐广场,54,0.9,0.3,0.27
545,436,海格堡,54,0.9,0.3,0.27
894,715,猿抱子深圳直营店,54,0.25,0.3,0.075
1287,1030,壹方城购物中心,54,0.08,0.3,0.024
1262,1010,YUKI进口优品会员生活馆,54,0.08,0.3,0.024
319,255,赤湾老兵购物广场,55,1,0.3,0.3
632,506,正力时代广场,57,0.9,0.3,0.27
740,592,康之宝百货,57,0.55,0.3,0.165
786,629,超级广场,57,0.55,0.3,0.165
908,726,光明广场,57,0.25,0.3,0.075
403,322,东坑购物广场,58,1,0.3,0.3
388,310,万盛佳百货,58,1,0.3,0.3
453,362,万盛佳商业,58,0.9,0.3,0.27
1162,930,惠丰购物广场,58,0.08,0.3,0.024
695,556,世纪盛世购物广场,59,0.55,0.3,0.165
708,566,楼村商业中心,59,0.55,0.3,0.165
1170,936,新汇家购物城,59,0.08,0.3,0.024
285,228,盛世华联百货,60,1,0.3,0.3
301,241,汇港城购物中心,61,1,0.3,0.3
321,257,佳联华购物广场,61,1,0.3,0.3
448,358,华瑞百货,61,0.9,0.3,0.27
832,666,玉律商业中心,61,0.55,0.3,0.165
885,708,兴鼎濠(理家店),61,0.25,0.3,0.075
118,94,智汇城,62,1,0.3,0.3
70,56,万联购物广场(宝石西路),62,1,0.3,0.3
85,68,美家福百货(上屋大道),62,1,0.3,0.3
295,236,河滨花园商场,62,1,0.3,0.3
432,346,德昌百货商场,62,1,0.3,0.3
495,396,盛妆百货(石岩店),62,0.9,0.3,0.27
647,518,锦驰致富广场,62,0.9,0.3,0.27
717,574,创富城,62,0.55,0.3,0.165
1083,866,百佳华(石岩店),62,0.25,0.3,0.075
746,597,国惠康(宝石路),62,0.55,0.3,0.165
1043,834,龙腾商厦,62,0.25,0.3,0.075
986,789,jhe,62,0.25,0.3,0.075
989,791,岁宝Shirble plaza(石岩店),62,0.25,0.3,0.075
989,791,宏发大世界,62,0.25,0.3,0.075
1245,996,世纪荟,62,0.08,0.3,0.024
298,238,智汇城,63,1,0.3,0.3
247,198,万联购物广场(宝石西路),63,1,0.3,0.3
310,248,德昌百货商场,63,1,0.3,0.3
310,248,美家福百货(上屋大道),63,1,0.3,0.3
472,378,河滨花园商场,63,0.9,0.3,0.27
672,538,盛妆百货(石岩店),63,0.55,0.3,0.165
750,600,锦驰致富广场,63,0.55,0.3,0.165
921,737,龙腾商厦,63,0.25,0.3,0.075
894,715,创富城,63,0.25,0.3,0.075
923,738,国惠康(宝石路),63,0.25,0.3,0.075
1260,1008,百佳华(石岩店),63,0.08,0.3,0.024
1211,969,jhe,63,0.08,0.3,0.024
1166,933,岁宝Shirble plaza(石岩店),63,0.08,0.3,0.024
1166,933,宏发大世界,63,0.08,0.3,0.024
379,303,美家福百货(上屋大道),64,1,0.3,0.3
429,343,jhe,64,1,0.3,0.3
636,509,万联购物广场(宝石西路),64,0.9,0.3,0.27
684,547,智汇城,64,0.55,0.3,0.165
861,689,河滨花园商场,64,0.55,0.3,0.165
999,799,德昌百货商场,64,0.25,0.3,0.075
1114,891,百佳华(石岩店),64,0.08,0.3,0.024
1076,861,世纪荟,64,0.25,0.3,0.075
1061,849,盛妆百货(石岩店),64,0.25,0.3,0.075
1213,970,锦驰致富广场,64,0.08,0.3,0.024
1283,1026,创富城,64,0.08,0.3,0.024
879,703,jhe,65,0.25,0.3,0.075
711,569,美家福百货(上屋大道),65,0.55,0.3,0.165
1016,813,智汇城,65,0.25,0.3,0.075
968,774,万联购物广场(宝石西路),65,0.25,0.3,0.075
1038,830,德昌百货商场,65,0.25,0.3,0.075
1193,954,河滨花园商场,65,0.08,0.3,0.024
92,74,美家福百货(上屋大道),66,1,0.3,0.3
375,300,智汇城,66,1,0.3,0.3
327,262,万联购物广场(宝石西路),66,1,0.3,0.3
502,402,德昌百货商场,66,0.9,0.3,0.27
552,442,河滨花园商场,66,0.9,0.3,0.27
752,602,盛妆百货(石岩店),66,0.55,0.3,0.165
1084,867,jhe,66,0.25,0.3,0.075
904,723,锦驰致富广场,66,0.25,0.3,0.075
1113,890,龙腾商厦,66,0.08,0.3,0.024
974,779,创富城,66,0.25,0.3,0.075
1003,802,国惠康(宝石路),66,0.25,0.3,0.075
1246,997,岁宝Shirble plaza(石岩店),66,0.08,0.3,0.024
1246,997,宏发大世界,66,0.08,0.3,0.024
861,689,世纪荟,67,0.55,0.3,0.165
1059,847,TOCITY购物中心,67,0.25,0.3,0.075
744,595,jhe,67,0.55,0.3,0.165
1032,826,星城购物中心,67,0.25,0.3,0.075
950,760,Grace为盛,67,0.25,0.3,0.075
1191,953,美家福百货(上屋大道),67,0.08,0.3,0.024
1246,997,百佳华(石岩店),67,0.08,0.3,0.024
1080,864,创富城,68,0.25,0.3,0.075
1188,950,国惠康(宝石路),68,0.08,0.3,0.024
1228,982,盛妆百货(石岩店),68,0.08,0.3,0.024
316,253,松石苑商业广场,69,1,0.3,0.3
877,702,宏发大世界,69,0.25,0.3,0.075
877,702,岁宝Shirble plaza(石岩店),69,0.25,0.3,0.075
899,719,国惠康(宝石路),69,0.25,0.3,0.075
1132,906,锦驰致富广场,69,0.08,0.3,0.024
1042,834,创富城,69,0.25,0.3,0.075
1174,939,盛妆百货(石岩店),69,0.08,0.3,0.024
779,623,南海百货2期,70,0.55,0.3,0.165
709,567,南海商业广场,70,0.55,0.3,0.165
779,623,南海百货,70,0.55,0.3,0.165
718,574,年年好购物广场,70,0.55,0.3,0.165
137,110,向南瑞峰商业广场,72,1,0.3,0.3
477,382,mixselection旗舰店,72,0.9,0.3,0.27
554,443,Hanex,72,0.9,0.3,0.27
341,273,蓝天龙,72,1,0.3,0.3
476,381,康乐购物广场,72,0.9,0.3,0.27
656,525,品阁(愉康店)一楼48b,72,0.55,0.3,0.165
649,519,愉康服装商场,72,0.9,0.3,0.27
868,694,金福瑞购物中心,72,0.55,0.3,0.165
1039,831,南光百货,72,0.25,0.3,0.075
898,718,amcare,72,0.25,0.3,0.075
1071,857,茂业百货,72,0.25,0.3,0.075
1134,907,海雅缤纷广场(南山店),72,0.08,0.3,0.024
1295,1036,万花筒健康荟,72,0.08,0.3,0.024
1259,1007,天虹商场(南山常兴店),72,0.08,0.3,0.024
99,79,华城百货(蛇口店),73,1,0.3,0.3
307,246,蛇口德隆广场,73,1,0.3,0.3
450,360,东方商厦(蛇口老街店),73,0.9,0.3,0.27
574,459,正旺商业城,73,0.9,0.3,0.27
521,417,Yooz柚子深圳蛇口石云路店,73,0.9,0.3,0.27
742,594,金汇城百货,73,0.55,0.3,0.165
978,782,架空E栈,73,0.25,0.3,0.075
991,793,四海文化广场,73,0.25,0.3,0.075
1174,939,COS MOS,73,0.08,0.3,0.024
1216,973,江小鱼的Store,73,0.08,0.3,0.024
1290,1032,日子里(暂停营业),73,0.08,0.3,0.024
216,173,华城百货(蛇口店),74,1,0.3,0.3
341,273,蛇口德隆广场,74,1,0.3,0.3
484,387,东方商厦(蛇口老街店),74,0.9,0.3,0.27
548,438,Yooz柚子深圳蛇口石云路店,74,0.9,0.3,0.27
584,467,金汇城百货,74,0.9,0.3,0.27
633,506,正旺商业城,74,0.9,0.3,0.27
856,685,架空E栈,74,0.55,0.3,0.165
833,666,四海文化广场,74,0.55,0.3,0.165
1014,811,COS MOS,74,0.25,0.3,0.075
1058,846,江小鱼的Store,74,0.25,0.3,0.075
1285,1028,后海至尊,74,0.08,0.3,0.024
477,382,架空E栈,75,0.9,0.3,0.27
432,346,金汇城百货,75,1,0.3,0.3
559,447,华城百货(蛇口店),75,0.9,0.3,0.27
703,562,蛇口德隆广场,75,0.55,0.3,0.165
550,440,四海文化广场,75,0.9,0.3,0.27
739,591,正旺商业城,75,0.55,0.3,0.165
906,725,后海至尊,75,0.25,0.3,0.075
863,690,东方商厦(蛇口老街店),75,0.55,0.3,0.165
910,728,Yooz柚子深圳蛇口石云路店,75,0.25,0.3,0.075
906,725,江小鱼的Store,75,0.25,0.3,0.075
963,770,COS MOS,75,0.25,0.3,0.075
1040,832,香悦里,75,0.25,0.3,0.075
1149,919,皇庭威尼斯人广场,75,0.08,0.3,0.024
1232,986,海怡湾商业广场,75,0.08,0.3,0.024
97,78,四海文化广场,76,1,0.3,0.3
382,306,江小鱼的Store,76,1,0.3,0.3
512,410,金汇城百货,76,0.9,0.3,0.27
443,354,COS MOS,76,0.9,0.3,0.27
968,774,后海至尊,76,0.25,0.3,0.075
945,756,香悦里,76,0.25,0.3,0.075
1066,853,架空E栈,76,0.25,0.3,0.075
1303,1042,宝能·all city南区,76,0.08,0.3,0.024
1220,976,华城百货(蛇口店),76,0.08,0.3,0.024
1286,1029,宝能·all city购物中心(南山店),76,0.08,0.3,0.024
1293,1034,Yooz柚子深圳蛇口石云路店,76,0.08,0.3,0.024
501,401,金汇城百货,77,0.9,0.3,0.27
533,426,蛇口德隆广场,77,0.9,0.3,0.27
385,308,Yooz柚子深圳蛇口石云路店,77,1,0.3,0.3
442,354,华城百货(蛇口店),77,0.9,0.3,0.27
776,621,COS MOS,77,0.55,0.3,0.165
669,535,东方商厦(蛇口老街店),77,0.55,0.3,0.165
753,602,四海文化广场,77,0.55,0.3,0.165
975,780,江小鱼的Store,77,0.25,0.3,0.075
963,770,正旺商业城,77,0.25,0.3,0.075
1074,859,架空E栈,77,0.25,0.3,0.075
286,229,鸿都百货(石龙路),79,1,0.3,0.3
319,255,金稻百货,79,1,0.3,0.3
1135,908,惠科广场,79,0.08,0.3,0.024
1244,995,富源商业广场,79,0.08,0.3,0.024
1113,890,大浪时代购物广场,80,0.08,0.3,0.024
1295,1036,T1湾鎏里,80,0.08,0.3,0.024
471,377,Grace为盛,81,0.9,0.3,0.27
501,401,星城购物中心,81,0.9,0.3,0.27
580,464,TOCITY购物中心,81,0.9,0.3,0.27
827,662,世纪荟,81,0.55,0.3,0.165
575,460,PROSHOP旗舰店,84,0.9,0.3,0.27
789,631,Wonderful进口商品跨境店,84,0.55,0.3,0.165
1081,865,ROSS.T,84,0.25,0.3,0.075
1029,823,美康百货(平山村店),84,0.25,0.3,0.075
1268,1014,深圳益田假日里,84,0.08,0.3,0.024
336,269,PROSHOP旗舰店,85,1,0.3,0.3
1122,898,Wonderful进口商品跨境店,85,0.08,0.3,0.024
1035,828,Deep Region,86,0.25,0.3,0.075
1260,1008,亿家商业中心,86,0.08,0.3,0.024
573,458,欢乐购,87,0.9,0.3,0.27
803,642,天虹商场(沙河店),87,0.55,0.3,0.165
858,686,ParisKiss,87,0.55,0.3,0.165
1077,862,MANGROVE BAY,87,0.25,0.3,0.075
448,358,益田假日广场,88,0.9,0.3,0.27
325,260,ZEFYRART,88,1,0.3,0.3
491,393,HOLIDAY PLAZA,88,0.9,0.3,0.27
659,527,欢乐购,88,0.55,0.3,0.165
921,737,爱琴海购物公园,88,0.25,0.3,0.075
1280,1024,华侨城购物广场,88,0.08,0.3,0.024
416,333,欢乐购,89,1,0.3,0.3
827,662,益田假日广场,89,0.55,0.3,0.165
805,644,ZEFYRART,89,0.55,0.3,0.165
870,696,HOLIDAY PLAZA,89,0.25,0.3,0.075
1300,1040,爱琴海购物公园,89,0.08,0.3,0.024
1053,842,LANDZ,89,0.25,0.3,0.075
688,550,欢乐购,90,0.55,0.3,0.165
760,608,ZEFYRART,90,0.55,0.3,0.165
754,603,益田假日广场,90,0.55,0.3,0.165
797,638,HOLIDAY PLAZA,90,0.55,0.3,0.165
1129,903,LANDZ,90,0.08,0.3,0.024
1227,982,爱琴海购物公园,90,0.08,0.3,0.024
133,106,华·生活馆,91,1,0.3,0.3
320,256,华侨城购物广场,91,1,0.3,0.3
883,706,HOLIDAY PLAZA,91,0.25,0.3,0.075
898,718,ZEFYRART,91,0.25,0.3,0.075
946,757,益田假日广场,91,0.25,0.3,0.075
1259,1007,展润商业中心,92,0.08,0.3,0.024
873,698,江南百货(石凹店),93,0.25,0.3,0.075
1289,1031,万联购物广场(新围店),93,0.08,0.3,0.024
1275,1020,天猫商城,93,0.08,0.3,0.024
858,686,江南百货(石凹店),94,0.55,0.3,0.165
1274,1019,万联购物广场(新围店),94,0.08,0.3,0.024
1260,1008,天猫商城,94,0.08,0.3,0.024
1053,842,国光百货超市,95,0.25,0.3,0.075
1299,1039,天虹商场(龙华店),95,0.08,0.3,0.024
726,581,紫飞语商品信息,96,0.55,0.3,0.165
572,458,融创荟,96,0.9,0.3,0.27
903,722,TOPARK,96,0.25,0.3,0.075
1061,849,利金城集团购物广场,96,0.25,0.3,0.075
1119,895,PERFUME,96,0.08,0.3,0.024
1208,966,园中园,96,0.08,0.3,0.024
1016,813,富通广场,96,0.25,0.3,0.075
1296,1037,龙华商业中心,96,0.08,0.3,0.024
1283,1026,百佳华商场(龙华店),96,0.08,0.3,0.024
538,430,PERFUME,97,0.9,0.3,0.27
532,426,海宁广场,97,0.9,0.3,0.27
926,741,AT MALL上塘荟,97,0.25,0.3,0.075
1162,930,融创荟,97,0.08,0.3,0.024
555,444,海宁广场,98,0.9,0.3,0.27
965,772,AT MALL上塘荟,98,0.25,0.3,0.075
967,774,PERFUME,98,0.25,0.3,0.075
590,472,融创荟,99,0.9,0.3,0.27
815,652,传奇天街,99,0.55,0.3,0.165
1207,966,PERFUME,99,0.08,0.3,0.024
1037,830,星河COCO Garden,99,0.25,0.3,0.075
507,406,TOPARK,100,0.9,0.3,0.27
517,414,三合百货,100,0.9,0.3,0.27
1190,952,金东源百货,100,0.08,0.3,0.024
517,414,紫飞语商品信息,101,0.9,0.3,0.27
1094,875,TOPARK,101,0.08,0.3,0.024
918,734,百佳华商场(龙华店),101,0.25,0.3,0.075
932,746,园中园,101,0.25,0.3,0.075
989,791,利金城集团购物广场,101,0.25,0.3,0.075
1020,816,龙华商业中心,101,0.25,0.3,0.075
1286,1029,富通广场,101,0.08,0.3,0.024
1045,836,融创荟,102,0.25,0.3,0.075
874,699,融创荟,103,0.25,0.3,0.075
1096,877,传奇天街,103,0.08,0.3,0.024
384,307,海阔侨香商业服务体商场,104,1,0.3,0.3
384,307,美您公园MEININ PARK,104,1,0.3,0.3
1237,990,万科里瑧,104,0.08,0.3,0.024
1123,898,印力中心,104,0.08,0.3,0.024
683,546,海阔侨香商业服务体商场,105,0.55,0.3,0.165
683,546,美您公园MEININ PARK,105,0.55,0.3,0.165
934,747,印力中心,105,0.25,0.3,0.075
1020,816,东海城市广场,105,0.25,0.3,0.075
669,535,海阔侨香商业服务体商场,106,0.55,0.3,0.165
669,535,美您公园MEININ PARK,106,0.55,0.3,0.165
933,746,印力中心,106,0.25,0.3,0.075
1019,815,东海城市广场,106,0.25,0.3,0.075
581,465,东海缤纷天地,107,0.9,0.3,0.27
1098,878,东海城市广场,107,0.08,0.3,0.024
986,789,菀青进口商品集合馆,107,0.25,0.3,0.075
1022,818,LSOLIARE,107,0.25,0.3,0.075
1166,933,菀青进口商品(集合店),107,0.08,0.3,0.024
581,465,东海缤纷天地,109,0.9,0.3,0.27
1098,878,东海城市广场,109,0.08,0.3,0.024
986,789,菀青进口商品集合馆,109,0.25,0.3,0.075
1022,818,LSOLIARE,109,0.25,0.3,0.075
1166,933,菀青进口商品(集合店),109,0.08,0.3,0.024
197,158,kk one南区,110,1,0.3,0.3
363,290,KK one时尚潮流购物中心,110,1,0.3,0.3
409,327,中洲滨海商业中心,110,1,0.3,0.3
488,390,岁宝Shirble plaza(花好园店),110,0.9,0.3,0.27
788,630,Bo space购物中心,110,0.55,0.3,0.165
244,195,为盛百货,111,1,0.3,0.3
332,266,首信广场,111,1,0.3,0.3
574,459,新安购物广场,111,0.9,0.3,0.27
699,559,茗品汇进口商品生活馆(观澜大道店),111,0.55,0.3,0.165
939,751,兴万达商业城,111,0.25,0.3,0.075
657,526,荷壹广场(装修中),111,0.55,0.3,0.165
248,198,新安购物广场,112,1,0.3,0.3
329,263,首信广场,112,1,0.3,0.3
496,397,茗品汇进口商品生活馆(观澜大道店),112,0.9,0.3,0.27
419,335,为盛百货,112,1,0.3,0.3
380,304,兴万达商业城,112,1,0.3,0.3
887,710,民乐福新天地(观澜店),112,0.25,0.3,0.075
964,771,百佳华领域广场,112,0.25,0.3,0.075
411,329,荷壹广场(装修中),112,1,0.3,0.3
754,603,香格里(建设中),112,0.55,0.3,0.165
750,600,民乐福新天地(观澜店),113,0.55,0.3,0.165
846,677,百佳华领域广场,113,0.55,0.3,0.165
737,590,家和福商场,113,0.55,0.3,0.165
1062,850,观荟里iconic mall,113,0.25,0.3,0.075
1052,842,兴万达商业城,113,0.25,0.3,0.075
839,671,香格里(建设中),113,0.55,0.3,0.165
293,234,LULU,114,1,0.3,0.3
756,605,花伴里邻里购物中心,115,0.55,0.3,0.165
983,786,万盛百货(清湖店),115,0.25,0.3,0.075
982,786,清湖商业广场,115,0.25,0.3,0.075
1202,962,LULU,116,0.08,0.3,0.024
359,287,业佳兴百货,117,1,0.3,0.3
732,586,深港万众国际商贸城,117,0.55,0.3,0.165
834,667,深圳市即刻跨境货运代理有限公司,117,0.55,0.3,0.165
1122,898,天虹商场(东环店),117,0.08,0.3,0.024
1086,869,可可城商业广场,117,0.25,0.3,0.075
1133,906,万盛百货(万众步行街),117,0.08,0.3,0.024
1255,1004,岁宝Shirble plaza(民治店),117,0.08,0.3,0.024
59,47,兴万和购物广场(民乐立交),118,1,0.3,0.3
479,383,上河坊购物乐园,118,0.9,0.3,0.27
879,703,星河COCO City(民治店),118,0.25,0.3,0.075
1081,865,龙光玖龙荟购物中心,118,0.25,0.3,0.075
1149,919,inow专柜,118,0.08,0.3,0.024
1098,878,星河COCOPark(坂田店),118,0.08,0.3,0.024
300,240,梅林生活中心,119,1,0.3,0.3
552,442,新世界百货(梅华路店),119,0.9,0.3,0.27
822,658,梅林购物广场,119,0.55,0.3,0.165
936,749,conemoting market,119,0.25,0.3,0.075
938,750,Collects Goods,119,0.25,0.3,0.075
473,378,金色广场,120,0.9,0.3,0.27
813,650,景雅居商城,120,0.55,0.3,0.165
953,762,TT国际街区,120,0.25,0.3,0.075
1277,1022,绿景佐阾虹湾购物中心,120,0.08,0.3,0.024
1268,1014,岁宝Shirble plaza(景田店),120,0.08,0.3,0.024
326,261,下梅林广场,121,1,0.3,0.3
819,655,绿景佐阾虹湾购物中心,121,0.55,0.3,0.165
894,715,佐阾,121,0.25,0.3,0.075
939,751,金辉百货,121,0.25,0.3,0.075
1207,966,梅林购物广场,121,0.08,0.3,0.024
319,255,绿景佐阾虹湾购物中心,122,1,0.3,0.3
410,328,佐阾,122,1,0.3,0.3
411,329,下梅林广场,122,1,0.3,0.3
1090,872,金辉百货,122,0.08,0.3,0.024
1292,1034,景雅居商城,122,0.08,0.3,0.024
323,258,下梅林广场,123,1,0.3,0.3
816,653,绿景佐阾虹湾购物中心,123,0.55,0.3,0.165
891,713,佐阾,123,0.25,0.3,0.075
936,749,金辉百货,123,0.25,0.3,0.075
1204,963,梅林购物广场,123,0.08,0.3,0.024
481,385,新世界百货(梅华路店),124,0.9,0.3,0.27
751,601,梅林购物广场,124,0.55,0.3,0.165
690,552,Collects Goods,124,0.55,0.3,0.165
637,510,梅林生活中心,124,0.9,0.3,0.27
688,550,conemoting market,124,0.55,0.3,0.165
757,606,卓悦汇,124,0.55,0.3,0.165
897,718,nE(卓悦汇购物中心店),124,0.25,0.3,0.075
727,582,天虹商场(梅林店),124,0.55,0.3,0.165
847,678,D HOUSE,124,0.55,0.3,0.165
138,110,马成时代广场,125,1,0.3,0.3
431,345,天虹商场(福民店),125,1,0.3,0.3
1129,903,岁宝Shirble plaza(益田店),125,0.08,0.3,0.024
1112,890,MissHome,125,0.08,0.3,0.024
965,772,良集百货生活馆,125,0.25,0.3,0.075
1242,994,作业伴(保税店),125,0.08,0.3,0.024
930,744,裙楼商场,125,0.25,0.3,0.075
1280,1024,兴万和教育广场,125,0.08,0.3,0.024
1085,868,汇展城,125,0.25,0.3,0.075
1115,892,祥云·天都世纪商业中心,125,0.08,0.3,0.024
449,359,兴万和教育广场,126,0.9,0.3,0.27
526,421,祥云·天都世纪商业中心,126,0.9,0.3,0.27
693,554,良集百货生活馆,126,0.55,0.3,0.165
1303,1042,绿景佐阾红树林购物中心,126,0.08,0.3,0.024
222,178,万家百货(高尔夫大道店),127,1,0.3,0.3
497,398,同得利,127,0.9,0.3,0.27
574,459,丰盛福购物广场(装修中),127,0.9,0.3,0.27
326,261,万家百货(高尔夫大道店),128,1,0.3,0.3
516,413,同得利,128,0.9,0.3,0.27
593,474,丰盛福购物广场(装修中),128,0.9,0.3,0.27
417,334,宝地利百货(新樟路),129,1,0.3,0.3
434,347,壹家店,129,1,0.3,0.3
1190,952,盛世华茂购物广场,129,0.08,0.3,0.024
1027,822,壹家店,130,0.25,0.3,0.075
861,689,宝地利百货(新樟路),130,0.55,0.3,0.165
181,145,樟坑径中心广场,131,1,0.3,0.3
957,766,ipoh旗舰店,132,0.25,0.3,0.075
919,735,207iphx旗舰店,132,0.25,0.3,0.075
1297,1038,美家福购物广场(杨美店),132,0.08,0.3,0.024
1199,959,润佳生活超市(细靓店),133,0.08,0.3,0.024
1286,1029,凯隆商场,133,0.08,0.3,0.024
607,486,凯隆商场,134,0.9,0.3,0.27
1301,1041,国都购物商城,134,0.08,0.3,0.024
1073,858,MaxMeyer,136,0.25,0.3,0.075
855,684,红日子购物广场(坭岗西村步行街),136,0.55,0.3,0.165
1295,1036,and world,136,0.08,0.3,0.024
370,296,百花新天地,137,1,0.3,0.3
1145,916,万佳广场,137,0.08,0.3,0.024
992,794,天阶1号,137,0.25,0.3,0.075
1283,1026,群星购物,137,0.08,0.3,0.024
1270,1016,银华商场,137,0.08,0.3,0.024
171,137,红日子购物广场(坭岗西村步行街),138,1,0.3,0.3
801,641,and world,138,0.55,0.3,0.165
719,575,MaxMeyer,138,0.55,0.3,0.165
962,770,1伽名柜(深圳)体验中心NB·Home,138,0.25,0.3,0.075
1295,1036,上下荟,138,0.08,0.3,0.024
990,792,洋浩广场,138,0.25,0.3,0.075
1196,957,天天饰展中心,138,0.08,0.3,0.024
1174,939,永同昌·招商中环商业广场,138,0.08,0.3,0.024
565,452,银华商场,139,0.9,0.3,0.27
414,331,银华商场,140,1,0.3,0.3
396,317,万佳广场,141,1,0.3,0.3
628,502,百花新天地,141,0.9,0.3,0.27
492,394,天阶1号,141,0.9,0.3,0.27
935,748,天天饰展中心,141,0.25,0.3,0.075
818,654,洋浩广场,141,0.55,0.3,0.165
627,502,星光广场,141,0.9,0.3,0.27
1123,898,鸿翔时尚购物广场,141,0.08,0.3,0.024
1211,969,1伽名柜(深圳)体验中心NB·Home,141,0.08,0.3,0.024
1174,939,鸿翔世纪城,141,0.08,0.3,0.024
1301,1041,东方商业广场,141,0.08,0.3,0.024
329,263,洋浩广场,142,1,0.3,0.3
446,357,天天饰展中心,142,0.9,0.3,0.27
571,457,星光广场,142,0.9,0.3,0.27
776,621,天阶1号,142,0.55,0.3,0.165
743,594,万佳广场,142,0.55,0.3,0.165
852,682,ADELAHOME,142,0.55,0.3,0.165
874,699,鸿翔世纪城,142,0.25,0.3,0.075
877,702,HALO广场(桃园路),142,0.25,0.3,0.075
902,722,1伽名柜(深圳)体验中心NB·Home,142,0.25,0.3,0.075
1008,806,上下荟,142,0.25,0.3,0.075
1066,853,鸿翔时尚购物广场,142,0.25,0.3,0.075
971,777,and world,142,0.25,0.3,0.075
1098,878,百花新天地,142,0.08,0.3,0.024
1152,922,梦岗工艺城,142,0.08,0.3,0.024
1142,914,中洲新天地,142,0.08,0.3,0.024
1138,910,MaxMeyer,142,0.08,0.3,0.024
1294,1035,东方商业广场,142,0.08,0.3,0.024
1146,917,笋岗星光商业广场,142,0.08,0.3,0.024
1295,1036,红日子购物广场(坭岗西村步行街),142,0.08,0.3,0.024
65,52,京基御景华城商业广场,143,1,0.3,0.3
858,686,华强南商业中心,143,0.55,0.3,0.165
1038,830,艾妮全球购,143,0.25,0.3,0.075
1003,802,汉国城市商业中心,143,0.25,0.3,0.075
1252,1002,华强地铁商场,143,0.08,0.3,0.024
65,52,京基御景华城商业广场,144,1,0.3,0.3
858,686,华强南商业中心,144,0.55,0.3,0.165
1038,830,艾妮全球购,144,0.25,0.3,0.075
1003,802,汉国城市商业中心,144,0.25,0.3,0.075
1252,1002,华强地铁商场,144,0.08,0.3,0.024
360,288,华强南商业中心,145,1,0.3,0.3
622,498,京基御景华城商业广场,145,0.9,0.3,0.27
505,404,汉国城市商业中心,145,0.9,0.3,0.27
782,626,艾妮全球购,145,0.55,0.3,0.165
754,603,华强地铁商场,145,0.55,0.3,0.165
967,774,地铁商城,145,0.25,0.3,0.075
1014,811,潮流前线地铁商场,145,0.25,0.3,0.075
1120,896,世纪汇购物中心(华强路站),145,0.08,0.3,0.024
1052,842,Q4B090,145,0.25,0.3,0.075
1190,952,华联街地下商场,145,0.08,0.3,0.024
1033,826,JQR,145,0.25,0.3,0.075
1052,842,华强广场,145,0.25,0.3,0.075
1209,967,SmokeTalk华强北店,145,0.08,0.3,0.024
1231,985,华芯商城,145,0.08,0.3,0.024
1304,1043,天虹商场(深南新店),145,0.08,0.3,0.024
549,439,中信地铁商场(深南中路),146,0.9,0.3,0.27
613,490,华联街地下商场,146,0.9,0.3,0.27
741,593,茂业百货(深南店),146,0.55,0.3,0.165
684,547,ZEISS,146,0.55,0.3,0.165
797,638,城市广场·深圳,146,0.55,0.3,0.165
973,778,华强南商业中心,146,0.25,0.3,0.075
896,717,CICCI Mall购物中心,146,0.25,0.3,0.075
896,717,汉国城市商业中心,146,0.25,0.3,0.075
1095,876,华强地铁商场,146,0.08,0.3,0.024
1273,1018,JQR,146,0.08,0.3,0.024
1250,1000,HTX,146,0.08,0.3,0.024
1245,996,岁宝百货(红岭店)(暂停营业),146,0.08,0.3,0.024
785,628,艾妮全球购,147,0.55,0.3,0.165
1102,882,京基御景华城商业广场,147,0.08,0.3,0.024
1063,850,皇御商城,147,0.25,0.3,0.075
1000,800,汉瑜商业中心,147,0.25,0.3,0.075
255,204,皇御商城,148,1,0.3,0.3
143,114,汉国城市商业中心,149,1,0.3,0.3
632,506,华强南商业中心,149,0.9,0.3,0.27
352,282,华强地铁商场,149,1,0.3,0.3
565,452,地铁商城,149,0.9,0.3,0.27
571,457,潮流前线地铁商场,149,0.9,0.3,0.27
590,472,JQR,149,0.9,0.3,0.27
609,487,Q4B090,149,0.9,0.3,0.27
996,797,华强北商业街(赛格广场西南),149,0.25,0.3,0.075
609,487,华强广场,149,0.9,0.3,0.27
677,542,世纪汇购物中心(华强路站),149,0.55,0.3,0.165
766,613,SmokeTalk华强北店,149,0.55,0.3,0.165
924,739,茂业百货(深南店),149,0.25,0.3,0.075
732,586,艾妮全球购,149,0.55,0.3,0.165
788,630,华芯商城,149,0.55,0.3,0.165
1256,1005,京基御景华城商业广场,149,0.08,0.3,0.024
868,694,现代之窗商业广场,149,0.55,0.3,0.165
806,645,华联街地下商场,149,0.55,0.3,0.165
972,778,蓝联工厂店,149,0.25,0.3,0.075
861,689,天虹商场(深南新店),149,0.55,0.3,0.165
985,788,咪哒(中航城天虹购物中心店),149,0.25,0.3,0.075
1079,863,CICCI Mall购物中心,149,0.25,0.3,0.075
942,754,优品全球购,149,0.25,0.3,0.075
1002,802,中航城天虹购物中心,149,0.25,0.3,0.075
921,737,维多利(振华路店),149,0.25,0.3,0.075
1017,814,九方购物中心(华强北店),149,0.25,0.3,0.075
937,750,NICO女人名店,149,0.25,0.3,0.075
947,758,U-ZONE专柜,149,0.25,0.3,0.075
1003,802,AD专柜,149,0.25,0.3,0.075
1115,892,Sulwnasoo,149,0.08,0.3,0.024
975,780,汉瑜商业中心,149,0.25,0.3,0.075
1027,822,opm(茂业百货华强北店),149,0.25,0.3,0.075
1133,906,V尚街精品外贸市场,149,0.08,0.3,0.024
975,780,中信地铁商场(深南中路),149,0.25,0.3,0.075
1117,894,曼哈商业广场,149,0.08,0.3,0.024
1165,932,前卫新天地,149,0.08,0.3,0.024
1243,994,全球易,149,0.08,0.3,0.024
1225,980,紫荆城食品交易中心,149,0.08,0.3,0.024
1280,1024,潮流前线地下商场,149,0.08,0.3,0.024
1294,1035,港澳城(华强北路),149,0.08,0.3,0.024
1034,827,威尼斯小商人,149,0.25,0.3,0.075
1118,894,ZEISS,149,0.08,0.3,0.024
1223,978,城市广场·深圳,149,0.08,0.3,0.024
503,402,汇港鑫商业中心,150,0.9,0.3,0.27
522,418,新供销购物城,150,0.9,0.3,0.27
605,484,升隆百货(荔园店),150,0.9,0.3,0.27
685,548,平湖商业中心,150,0.55,0.3,0.165
726,581,金丰源商场,150,0.55,0.3,0.165
934,747,新都百货,150,0.25,0.3,0.075
1004,803,天和百货(平湖店),150,0.25,0.3,0.075
1139,911,翔英商业广场,150,0.08,0.3,0.024
408,326,缤纷时尚城,151,1,0.3,0.3
297,238,荟港城,151,1,0.3,0.3
501,401,RoKo乐客购物广场,151,0.9,0.3,0.27
542,434,大皇公商业中心,151,0.9,0.3,0.27
807,646,凤凰城,151,0.55,0.3,0.165
1172,938,熙璟城购物中心,151,0.08,0.3,0.024
86,69,兴万佳华百货(新木店),152,1,0.3,0.3
927,742,平吉商城,152,0.25,0.3,0.075
635,508,KUKUDEL深圳华南城品牌店,152,0.9,0.3,0.27
839,671,华南国际印刷纸品包装交易中心,152,0.55,0.3,0.165
780,624,佳好宜多百货(平湖店),152,0.55,0.3,0.165
947,758,华南城P06栋,152,0.25,0.3,0.075
1281,1025,华南城儿童世界2号交易广场,152,0.08,0.3,0.024
804,643,万达广场(装修中),152,0.55,0.3,0.165
853,682,万万家长兴百货(暂停营业),154,0.55,0.3,0.165
178,142,金百信商业广场,155,1,0.3,0.3
819,655,万科红生活广场北区,155,0.55,0.3,0.165
777,622,万科红生活广场,155,0.55,0.3,0.165
755,604,万科红生活广场南区,155,0.55,0.3,0.165
783,626,满庭芳广场,155,0.55,0.3,0.165
1281,1025,天虹商场(布吉店),155,0.08,0.3,0.024
1034,827,伊佳百货(百鸽路店),155,0.25,0.3,0.075
1086,869,佳兆业广场(布吉店),155,0.25,0.3,0.075
1210,968,国都购物商城,155,0.08,0.3,0.024
1091,873,凯隆商场,155,0.08,0.3,0.024
1220,976,联美新天地,155,0.08,0.3,0.024
16,13,人人购物广场(南岭店),156,1,0.3,0.3
134,107,虹景广场,156,1,0.3,0.3
220,176,大众城,156,1,0.3,0.3
398,318,ZLOK生活馆,156,1,0.3,0.3
840,672,丽可团购之家,156,0.55,0.3,0.165
1193,954,法瑞姿购物广场,156,0.08,0.3,0.024
1147,918,华润万科广场,156,0.08,0.3,0.024
1019,815,万福佳购物广场,156,0.25,0.3,0.075
911,729,万润超级广场(装修中),156,0.25,0.3,0.075
632,506,天虹商场(布吉店),157,0.9,0.3,0.27
680,544,富安佳广场,157,0.55,0.3,0.165
727,582,顺家购物广场,157,0.55,0.3,0.165
772,618,金鹏百货(金利路),157,0.55,0.3,0.165
816,653,国都购物商城,157,0.55,0.3,0.165
1127,902,金百信商业广场,157,0.08,0.3,0.024
1172,938,德兴城,157,0.08,0.3,0.024
1278,1022,凯隆商场,157,0.08,0.3,0.024
169,135,东大街佳纷天地,158,1,0.3,0.3
757,606,佳百隆广场,158,0.55,0.3,0.165
775,620,汇佳购物广场(湖东路),158,0.55,0.3,0.165
596,477,丽奢优购,158,0.9,0.3,0.27
811,649,星都里,158,0.55,0.3,0.165
930,744,桂芳园商业广场,158,0.25,0.3,0.075
1192,954,信和购物广场,158,0.08,0.3,0.024
839,671,大芬商城,158,0.55,0.3,0.165
1000,800,中集E站,158,0.25,0.3,0.075
1193,954,漫博汇广场,158,0.08,0.3,0.024
117,94,佳兆业·东大街商业广场(建设中),158,1,0.3,0.3
234,187,丽奢优购,159,1,0.3,0.3
698,558,东大街佳纷天地,159,0.55,0.3,0.165
449,359,星都里,159,0.9,0.3,0.27
433,346,大芬商城,159,1,0.3,0.3
529,423,桂芳园商业广场,159,0.9,0.3,0.27
830,664,信和购物广场,159,0.55,0.3,0.165
859,687,合美全球购工作室,159,0.55,0.3,0.165
1270,1016,中集E站,159,0.08,0.3,0.024
1040,832,佳百隆广场,159,0.25,0.3,0.075
793,634,漫博汇广场,159,0.55,0.3,0.165
1058,846,汇佳购物广场(湖东路),159,0.25,0.3,0.075
646,517,佳兆业·东大街商业广场(建设中),159,0.9,0.3,0.27
363,290,万佳商场,160,1,0.3,0.3
671,537,洋篮子进口生活馆,160,0.55,0.3,0.165
1107,886,新荔湾美食购物广场,160,0.08,0.3,0.024
1298,1038,VGM广场,160,0.08,0.3,0.024
1248,998,IJ专柜,160,0.08,0.3,0.024
1304,1043,君瑞祥百货,160,0.08,0.3,0.024
1291,1033,伊佳荟,160,0.08,0.3,0.024
116,93,洋篮子进口生活馆,161,1,0.3,0.3
613,490,新荔湾美食购物广场,161,0.9,0.3,0.27
663,530,Boie,161,0.55,0.3,0.165
823,658,VGM广场,161,0.55,0.3,0.165
642,514,万佳商场,161,0.9,0.3,0.27
696,557,京基东方颐园商业广场,162,0.55,0.3,0.165
829,663,新荔湾美食购物广场,162,0.55,0.3,0.165
1020,816,VGM广场,162,0.25,0.3,0.075
955,764,君瑞祥百货,162,0.25,0.3,0.075
855,684,万佳商场,162,0.55,0.3,0.165
952,762,东门中心城,162,0.25,0.3,0.075
1084,867,colorlab,162,0.25,0.3,0.075
1051,841,南海中心,162,0.25,0.3,0.075
1089,871,hiCITY,162,0.08,0.3,0.024
1110,888,京基·凤凰印象,162,0.08,0.3,0.024
1217,974,茂业百货,162,0.08,0.3,0.024
1270,1016,旺角购物广场(东门中路),162,0.08,0.3,0.024
48,38,富佳商场(园岭北路),163,1,0.3,0.3
306,245,顺佳和购物广场(园岭北路),163,1,0.3,0.3
473,378,大业城,163,0.9,0.3,0.27
484,387,购物广场,163,0.9,0.3,0.27
1297,1038,HELIX,163,0.08,0.3,0.024
23,18,劲丰商城,164,1,0.3,0.3
23,18,瑞和建业商城,164,1,0.3,0.3
308,246,百佳永乐购物广场,164,1,0.3,0.3
341,273,麟恒·中心广场D座,164,1,0.3,0.3
696,557,万德隆商务,164,0.55,0.3,0.165
586,469,宝兴商业广场,164,0.9,0.3,0.27
813,650,金泉商业广场,164,0.55,0.3,0.165
772,618,牛始埔商业中心,164,0.55,0.3,0.165
1104,883,金新商业广场,164,0.08,0.3,0.024
982,786,六约信义商城,164,0.25,0.3,0.075
1157,926,塘坑商城,164,0.08,0.3,0.024
1250,1000,2013时尚广场,164,0.08,0.3,0.024
1116,893,亿立方商业广场,164,0.08,0.3,0.024
355,284,东方时代广场(装修中),164,1,0.3,0.3
1292,1034,华润万科广场,165,0.08,0.3,0.024
1252,1002,万润超级广场(装修中),165,0.08,0.3,0.024
915,732,华润万科广场,166,0.25,0.3,0.075
722,578,法瑞姿购物广场,166,0.55,0.3,0.165
1015,812,人人购物广场(南岭店),166,0.25,0.3,0.075
1047,838,虹景广场,166,0.25,0.3,0.075
835,668,万福佳购物广场,166,0.55,0.3,0.165
1169,935,大众城,166,0.08,0.3,0.024
641,513,万润超级广场(装修中),166,0.9,0.3,0.27
380,304,万福佳购物广场,167,1,0.3,0.3
438,350,法瑞姿购物广场,167,0.9,0.3,0.27
380,304,华润万科广场,167,1,0.3,0.3
899,719,丽可团购之家,167,0.25,0.3,0.075
1146,917,大众城,167,0.08,0.3,0.024
1227,982,虹景广场,167,0.08,0.3,0.024
266,213,盒马里岁宝(莲塘店),168,1,0.3,0.3
428,342,聚宝商业中心(罗沙公路辅路),168,1,0.3,0.3
704,563,优悦荟教育城,168,0.55,0.3,0.165
595,476,聚宝商业中心(罗沙公路辅路),169,0.9,0.3,0.27
644,515,盒马里岁宝(莲塘店),169,0.9,0.3,0.27
944,755,优悦荟教育城,169,0.25,0.3,0.075
527,422,优悦荟教育城,170,0.9,0.3,0.27
675,540,聚宝商业中心(罗沙公路辅路),170,0.55,0.3,0.165
918,734,盒马里岁宝(莲塘店),170,0.25,0.3,0.075
1239,991,盒马里岁宝(莲塘店),171,0.08,0.3,0.024
1196,957,聚宝商业中心(罗沙公路辅路),171,0.08,0.3,0.024
1107,886,优悦荟教育城,172,0.08,0.3,0.024
766,613,天安活力广场,173,0.55,0.3,0.165
918,734,跨境商品(直购体验店),173,0.25,0.3,0.075
1215,972,卫东商城,173,0.08,0.3,0.024
933,746,宝丰商场,174,0.25,0.3,0.075
903,722,万佳华百货,174,0.25,0.3,0.075
86,69,盛大广场,175,1,0.3,0.3
336,269,金沙摩尔(茂盛路),175,1,0.3,0.3
516,413,新世界广场(横岗大厦北),175,0.9,0.3,0.27
582,466,横岗大厦Hone商场,175,0.9,0.3,0.27
797,638,广佰百货,175,0.55,0.3,0.165
718,574,旺角商业城,175,0.55,0.3,0.165
802,642,Coco one银信荣恒商业广场,175,0.55,0.3,0.165
982,786,天虹商场(松柏店),175,0.25,0.3,0.075
1164,931,新马商贸城,175,0.08,0.3,0.024
1223,978,宝华百货(松柏路),175,0.08,0.3,0.024
981,785,丰收城购物中心,175,0.25,0.3,0.075
1174,939,四联商业广场,175,0.08,0.3,0.024
669,535,广佰百货,176,0.55,0.3,0.165
445,356,2013时尚广场,176,0.9,0.3,0.27
686,549,新马商贸城,176,0.55,0.3,0.165
673,538,天虹商场(横岗店),176,0.55,0.3,0.165
687,550,塘坑商城,176,0.55,0.3,0.165
767,614,六约信义商城,176,0.55,0.3,0.165
1060,848,金沙摩尔(茂盛路),176,0.25,0.3,0.075
1026,821,盛大广场,176,0.25,0.3,0.075
1045,836,丰收城购物中心,176,0.25,0.3,0.075
1216,973,横岗大厦Hone商场,176,0.08,0.3,0.024
1238,990,四联商业广场,176,0.08,0.3,0.024
1237,990,宝兴商业广场,176,0.08,0.3,0.024
267,214,盛大广场,177,1,0.3,0.3
709,567,新世界广场(横岗大厦北),177,0.55,0.3,0.165
545,436,金沙摩尔(茂盛路),177,0.9,0.3,0.27
771,617,横岗大厦Hone商场,177,0.55,0.3,0.165
620,496,天虹商场(松柏店),177,0.9,0.3,0.27
899,719,精选集商业广场,177,0.25,0.3,0.075
991,793,Coco one银信荣恒商业广场,177,0.25,0.3,0.075
927,742,旺角商业城,177,0.25,0.3,0.075
1030,824,广佰百货,177,0.25,0.3,0.075
998,798,宝华百货(松柏路),177,0.25,0.3,0.075
1214,971,丰收城购物中心,177,0.08,0.3,0.024
568,454,众兴泰广场,178,0.9,0.3,0.27
691,553,炜宁购物,178,0.55,0.3,0.165
682,546,锦泰百货(梧岗路),178,0.55,0.3,0.165
816,653,宝桐商业广场,178,0.55,0.3,0.165
159,127,乐知福购物广场(沙头角分店),179,1,0.3,0.3
422,338,荣津·乐活城,180,1,0.3,0.3
717,574,宝银旺,180,0.55,0.3,0.165
899,719,乐知福购物广场(沙头角分店),180,0.25,0.3,0.075
1017,814,壹海街(壹海城店),180,0.25,0.3,0.075
1217,974,壹海道,180,0.08,0.3,0.024
324,259,荣津·乐活城,181,1,0.3,0.3
761,609,宝银旺,181,0.55,0.3,0.165
1063,850,乐知福购物广场(沙头角分店),181,0.25,0.3,0.075
1023,818,壹海街(壹海城店),181,0.25,0.3,0.075
1223,978,壹海道,181,0.08,0.3,0.024
376,301,荣津·乐活城,182,1,0.3,0.3
687,550,宝银旺,182,0.55,0.3,0.165
993,794,壹海街(壹海城店),182,0.25,0.3,0.075
1193,954,壹海道,182,0.08,0.3,0.024
1254,1003,乐知福购物广场(沙头角分店),182,0.08,0.3,0.024
252,202,金龙城百货,183,1,0.3,0.3
108,86,Featliuki,184,1,0.3,0.3
646,517,海航城商业街,184,0.9,0.3,0.27
689,551,远洋广场,184,0.55,0.3,0.165
798,638,鹏达摩尔城-B3区296,184,0.55,0.3,0.165
901,721,MAX,184,0.25,0.3,0.075
821,657,晶钻广场,184,0.55,0.3,0.165
1183,946,福临商业大厦,184,0.08,0.3,0.024
1228,982,E COMMERCE PARK,184,0.08,0.3,0.024
1227,982,君盛百货,184,0.08,0.3,0.024
1150,920,日盛百货,184,0.08,0.3,0.024
1280,1024,宜乐购商业广场,184,0.08,0.3,0.024
1243,994,龙城商场(龙河路),184,0.08,0.3,0.024
30,24,佰嘉乐,185,1,0.3,0.3
39,31,金阳时尚广场,185,1,0.3,0.3
460,368,优极鲜生鲜超市,185,0.9,0.3,0.27
772,618,昇联城,185,0.55,0.3,0.165
1127,902,人人乐(金港店),186,0.08,0.3,0.024
848,678,广富百货,188,0.55,0.3,0.165
926,741,壹海道,188,0.25,0.3,0.075
1101,881,壹海街(壹海城店),188,0.08,0.3,0.024
1298,1038,宝银旺,188,0.08,0.3,0.024
812,650,宝银旺,189,0.55,0.3,0.165
846,677,荣津·乐活城,189,0.55,0.3,0.165
984,787,壹海街(壹海城店),189,0.25,0.3,0.075
1161,929,壹海道,189,0.08,0.3,0.024
304,243,荣津·乐活城,190,1,0.3,0.3
497,398,宝银旺,190,0.9,0.3,0.27
923,738,壹海街(壹海城店),190,0.25,0.3,0.075
1123,898,壹海道,190,0.08,0.3,0.024
570,456,华泰百货(吉祥一路),191,0.9,0.3,0.27
287,230,宜城PARK购物中心,192,1,0.3,0.3
492,394,坪地商业广场,192,0.9,0.3,0.27
567,454,浩天购物广场,192,0.9,0.3,0.27
567,454,坪洲百货购物广场,192,0.9,0.3,0.27
801,641,吉之堡商都,192,0.55,0.3,0.165
884,707,佳盛百货(坪地店),192,0.25,0.3,0.075
785,628,吉之堡时尚广场,192,0.55,0.3,0.165
776,621,宏富百货,192,0.55,0.3,0.165
926,741,乐兴百货,192,0.25,0.3,0.075
1028,822,LOK HING MALL,192,0.25,0.3,0.075
406,325,金鸿龙购物广场,193,1,0.3,0.3
1303,1042,深圳市富业商品批发城,193,0.08,0.3,0.024
480,384,批发商场,194,0.9,0.3,0.27
543,434,江联百货,194,0.9,0.3,0.27
830,664,JMD,194,0.55,0.3,0.165
296,237,人和百货,195,1,0.3,0.3
490,392,宏佰超市(南约社区店),196,0.9,0.3,0.27
554,443,江业百货,196,0.9,0.3,0.27
1065,852,江联百货,196,0.25,0.3,0.075
1277,1022,批发商场,196,0.08,0.3,0.024
975,780,大梅沙奥特莱斯,198,0.25,0.3,0.075
227,182,海港百货,199,1,0.3,0.3
557,446,翡翠岛广场,199,0.9,0.3,0.27
903,722,EVERGREEN,199,0.25,0.3,0.075
615,492,吉之堡购物中心,201,0.9,0.3,0.27
592,474,华兴百货商场(坪山黄竹坑路),203,0.9,0.3,0.27
687,550,大梅沙奥特莱斯,205,0.55,0.3,0.165
60,48,元益商城,206,1,0.3,0.3
162,130,沙博新村商贸城,207,1,0.3,0.3
180,144,同富裕商贸城,207,1,0.3,0.3
156,125,新天地商业广场A座,207,1,0.3,0.3
48,38,嘉嘉洲百货,208,1,0.3,0.3
870,696,深圳车天地,209,0.25,0.3,0.075
1054,843,民乐福商场,209,0.25,0.3,0.075
1063,850,女人世界,209,0.25,0.3,0.075
426,341,万里红购物广场(田头店),213,1,0.3,0.3
741,593,灵瑜珈大悦商城,214,0.55,0.3,0.165
871,697,乐兴百货,215,0.25,0.3,0.075
1303,1042,深圳葵涌花生唐购物中心,215,0.08,0.3,0.024
401,321,乐兴百货,217,1,0.3,0.3
703,562,惠家福百货(延安路),217,0.55,0.3,0.165
564,451,惠家福百货(延安路),219,0.9,0.3,0.27
29,23,佳兆业广场(大鹏店),221,1,0.3,0.3
238,190,昌宏百货(大鹏店),221,1,0.3,0.3
1102,882,塑说古城,222,0.08,0.3,0.024
604,483,佳兆业广场(大鹏店),223,0.9,0.3,0.27
608,486,昌宏百货(大鹏店),223,0.9,0.3,0.27
267,214,曼湾广场,224,1,0.3,0.3
649,519,海滨走廊,226,0.9,0.3,0.27
