833,666,三品文化广场,1,0.55,1,0.55
1123,898,后亭茅洲山公园,3,0.08,1,0.08
229,183,廉政文化公园,4,1,1,1.0
713,570,沙井法治文化公园,4,0.55,1,0.55
794,635,步涌体育公园,4,0.55,1,0.55
534,427,共和公园,5,0.9,1,0.9
862,690,沙三街心公园,5,0.55,1,0.55
1164,931,沙三文化,5,0.08,1,0.08
968,774,朗下广场,6,0.25,1,0.25
1230,984,后亭茅洲山公园,6,0.08,1,0.08
263,210,大王山公园,7,1,1,1.0
1276,1021,塘尾社区公园,7,0.08,1,0.08
263,210,壆岗荔枝公园,8,1,1,1.0
285,228,坣岗公园,8,1,1,1.0
443,354,壆岗党建公园,8,0.9,1,0.9
1078,862,沙井公园,8,0.25,1,0.25
773,618,时代中心广场,9,0.55,1,0.55
844,675,dy影城市民广场,9,0.55,1,0.55
804,643,新桥市民广场,9,0.55,1,0.55
993,794,坣岗公园,9,0.25,1,0.25
827,662,世民广场,9,0.55,1,0.55
887,710,宝安区沙井天虹市民广场,9,0.25,1,0.25
917,734,新桥中心公园,9,0.25,1,0.25
796,637,沙井老街公园,10,0.55,1,0.55
81,65,青少年先锋广场,11,1,1,1.0
476,381,桥头社区公园,12,0.9,1,0.9
490,392,荔枝公园,12,0.9,1,0.9
917,734,康和公园,12,0.25,1,0.25
545,436,白石厦体育公园,13,0.9,1,0.9
650,520,健民公园,13,0.9,1,0.9
1079,863,万福广场,13,0.25,1,0.25
1171,937,望牛亭公园,13,0.08,1,0.08
446,357,西门公园,14,0.9,1,0.9
793,634,福永村文化广场,14,0.55,1,0.55
1120,896,望牛亭公园,14,0.08,1,0.08
732,586,万福广场,14,0.55,1,0.55
956,765,五福盈门公园,14,0.25,1,0.25
1248,998,怀德广场,14,0.08,1,0.08
281,225,深圳市福新和物业管理有限公司,15,1,1,1.0
975,780,乐福园,15,0.25,1,0.25
975,780,禾福园,15,0.25,1,0.25
1143,914,福永村文化广场,15,0.08,1,0.08
1087,870,五福盈门公园,15,0.25,1,0.25
61,49,福永村文化广场,16,1,1,1.0
198,158,五福盈门公园,16,1,1,1.0
512,410,西门公园,16,0.9,1,0.9
1061,849,深圳市福新和物业管理有限公司,16,0.25,1,0.25
660,528,福围下沙,17,0.55,1,0.55
646,517,福围儿童公园,17,0.9,1,0.9
669,535,下沙公园,17,0.55,1,0.55
697,558,记忆广场,17,0.55,1,0.55
141,113,塘下涌文化广场,18,1,1,1.0
602,482,广田街心公园,18,0.9,1,0.9
807,646,塘下涌对面山社区公园,18,0.55,1,0.55
1273,1018,塘下涌牛黄山社区公园,18,0.08,1,0.08
1095,876,松岗红围公园,18,0.08,1,0.08
493,394,松岗文化广场,19,0.9,1,0.9
1024,819,宝利豪庭广场,19,0.25,1,0.25
263,210,楼岗公园(装修中),20,1,1,1.0
920,736,楼岗社区户外文体公园,20,0.25,1,0.25
920,736,楼岗社区户外文华广场,20,0.25,1,0.25
1296,1037,根竹园横坑公园,20,0.08,1,0.08
1104,883,世纪广场(松河北路),21,0.08,1,0.08
1009,807,松岗文化广场,21,0.25,1,0.25
464,371,世纪广场(松河北路),22,0.9,1,0.9
461,369,花果山公园,22,0.9,1,0.9
695,556,东风公园,22,0.55,1,0.55
752,602,下山门社区公园,22,0.55,1,0.55
973,778,上山门路街心公园,22,0.25,1,0.25
1180,944,松岗文化广场,22,0.08,1,0.08
1136,909,上山门社区怡乐公园,22,0.08,1,0.08
1304,1043,楼岗公园(装修中),22,0.08,1,0.08
108,86,下山门社区公园,23,1,1,1.0
261,209,上山门路街心公园,23,1,1,1.0
424,339,上山门社区怡乐公园,23,1,1,1.0
938,750,世纪广场(松河北路),23,0.25,1,0.25
1294,1035,楼岗社区户外文华广场,23,0.08,1,0.08
1038,830,楼岗公园(装修中),23,0.25,1,0.25
1194,955,花果山公园,23,0.08,1,0.08
784,627,黄埔水族馆,24,0.55,1,0.55
2,2,创新路广场,25,1,1,1.0
1020,816,上寮社区公园,25,0.25,1,0.25
758,606,宝安区沙井天虹市民广场,25,0.55,1,0.55
1120,896,dy影城市民广场,25,0.08,1,0.08
1267,1014,世民广场,25,0.08,1,0.08
476,381,上寮荔枝公园,26,0.9,1,0.9
512,410,世民广场,26,0.9,1,0.9
716,573,上寮社区公园,26,0.55,1,0.55
691,553,新桥中心公园,26,0.55,1,0.55
867,694,新桥市民广场,26,0.55,1,0.55
1058,846,时代中心广场,26,0.25,1,0.25
1242,994,创新路广场,26,0.08,1,0.08
667,534,新桥中心公园,27,0.55,1,0.55
1034,827,时代中心广场,27,0.25,1,0.25
755,604,世民广场,27,0.55,1,0.55
1080,864,上寮荔枝公园,27,0.25,1,0.25
1277,1022,新二村公园,27,0.08,1,0.08
1271,1017,新桥市民广场,27,0.08,1,0.08
332,266,黄麻布公园,28,1,1,1.0
321,257,利达公园,29,1,1,1.0
573,458,后瑞公园,29,0.9,1,0.9
1142,914,黄田公园,29,0.08,1,0.08
1215,972,簕杜鹃谷公园,30,0.08,1,0.08
861,689,九围公园,30,0.55,1,0.55
285,228,黄田公园,31,1,1,1.0
453,362,后瑞公园,31,0.9,1,0.9
642,514,利达公园,31,0.9,1,0.9
925,740,草围公园,31,0.25,1,0.25
1244,995,钟屋荔枝公园,31,0.08,1,0.08
274,219,草围公园,33,1,1,1.0
1060,848,黄田公园,33,0.25,1,0.25
966,773,钟屋荔枝公园,33,0.25,1,0.25
1158,926,后瑞公园,33,0.08,1,0.08
1027,822,利达公园,34,0.25,1,0.25
179,143,三围公园,35,1,1,1.0
1050,840,狮子山公园,35,0.25,1,0.25
1210,968,福永万福广场,36,0.08,1,0.08
1300,1040,福中福社区创意休闲阅读广场,36,0.08,1,0.08
730,584,宝源街心公园,37,0.55,1,0.55
635,508,麻布公園,37,0.9,1,0.9
1277,1022,福永万福广场,37,0.08,1,0.08
322,258,福永万福广场,38,1,1,1.0
804,643,麻布公園,38,0.55,1,0.55
910,728,碧海湾公园,39,0.25,1,0.25
1243,994,西乡街道碧海湾消防文化主题公园,39,0.08,1,0.08
224,179,西田公园,40,1,1,1.0
879,703,上村生态公园,40,0.25,1,0.25
1125,900,忘忧夜啤酒广场,40,0.08,1,0.08
569,455,朗村公园,41,0.9,1,0.9
697,558,李松蓢社区公园,41,0.55,1,0.55
821,657,忘忧夜啤酒广场,41,0.55,1,0.55
474,379,上村生态公园,42,0.9,1,0.9
891,713,水荫公园(建设中),42,0.25,1,0.25
1280,1024,长乐公园(建设中),42,0.08,1,0.08
1294,1035,西田公园,42,0.08,1,0.08
441,353,下村公园,43,0.9,1,0.9
292,234,下村啤酒广场,43,1,1,1.0
1001,801,公明街心公园,43,0.25,1,0.25
1277,1022,合水口文化广场,43,0.08,1,0.08
165,132,罗田文化广场,44,1,1,1.0
909,727,罗田社区公园,44,0.25,1,0.25
1202,962,燕川公园,44,0.08,1,0.08
30,24,塘尾社区公园,45,1,1,1.0
555,444,石围村祠堂广场,45,0.9,1,0.9
701,561,将围社区消防主题公园,45,0.55,1,0.55
737,590,将军围广场,45,0.55,1,0.55
841,673,榕树广场,45,0.55,1,0.55
1092,874,将石社区公园,45,0.08,1,0.08
1149,919,凤鸣谷广场,45,0.08,1,0.08
70,56,党建文化广场,46,1,1,1.0
740,592,马山头文化广场,46,0.55,1,0.55
1154,923,消防主题公园(根竹园社区),46,0.08,1,0.08
1231,985,根竹园横坑公园,46,0.08,1,0.08
22,18,马山头文化广场,47,1,1,1.0
863,690,合水口文化广场,47,0.55,1,0.55
958,766,薯田埔龟山公园,47,0.25,1,0.25
877,702,党建文化广场,47,0.25,1,0.25
1263,1010,下村啤酒广场,47,0.08,1,0.08
195,156,玉律广场,48,1,1,1.0
600,480,玉律公园,48,0.9,1,0.9
588,470,文体公园,48,0.9,1,0.9
1119,895,凤鸣街心公园,48,0.08,1,0.08
517,414,企龙山足球公园,49,0.9,1,0.9
614,491,铁岗公园,49,0.9,1,0.9
991,793,西乡企龙山生态公园,49,0.25,1,0.25
1002,802,西乡街道企龙山公园,49,0.25,1,0.25
465,372,布心社区公园,50,0.9,1,0.9
1242,994,流塘公园,50,0.08,1,0.08
1085,868,街心公园,50,0.25,1,0.25
930,744,海华公园,51,0.25,1,0.25
679,543,安乐大运林,52,0.55,1,0.55
932,746,85区社区公园,52,0.25,1,0.25
721,577,新乐社区公园,52,0.55,1,0.55
1018,814,海乐社区公园,52,0.25,1,0.25
883,706,海乐社区公园(新安一路),52,0.25,1,0.25
1097,878,罗马广场,52,0.08,1,0.08
1209,967,乐园,52,0.08,1,0.08
1000,800,四季公园,52,0.25,1,0.25
646,517,新安广场,53,0.9,1,0.9
648,518,濠江社区公园,53,0.9,1,0.9
932,746,灵芝园社区文化广场,53,0.25,1,0.25
1072,858,乐园,53,0.25,1,0.25
994,795,宝民花园,53,0.25,1,0.25
1139,911,海乐社区公园(新安一路),53,0.08,1,0.08
1024,819,新安公园,53,0.25,1,0.25
1049,839,灵芝公园,53,0.25,1,0.25
228,182,84区社区公园,54,1,1,1.0
320,256,四季公园,54,1,1,1.0
579,463,海乐社区公园,54,0.9,1,0.9
788,630,海华公园,54,0.55,1,0.55
885,708,85区社区公园,54,0.25,1,0.25
1063,850,海裕社区N2社区公园,54,0.25,1,0.25
1133,906,82区社区公园,54,0.08,1,0.08
482,386,赤湾公园,55,0.9,1,0.9
73,58,新湖广场,56,1,1,1.0
148,118,圳美好日子文化广场,56,1,1,1.0
312,250,社区公园休闲长廊,56,1,1,1.0
289,231,鹿珠广场,56,1,1,1.0
711,569,光照未来公园,56,0.55,1,0.55
1073,858,新陂头南湿地公园,56,0.25,1,0.25
1007,806,新湖廉政公园,56,0.25,1,0.25
222,178,清怡社区公园,57,1,1,1.0
324,259,碧园路社区公园,57,1,1,1.0
421,337,河心社区公园,57,1,1,1.0
452,362,碧园路街心公园,57,0.9,1,0.9
632,506,榕树公园,57,0.9,1,0.9
935,748,法政路公园,57,0.25,1,0.25
1171,937,翠湖公园,57,0.08,1,0.08
967,774,光明社区文化广场,57,0.25,1,0.25
1227,982,碧眼休闲公园,57,0.08,1,0.08
394,315,东坑社区公园,58,1,1,1.0
448,358,惠和公园,59,0.9,1,0.9
378,302,甲子塘社区公园,60,1,1,1.0
640,512,凤凰安全文化主题公园,60,0.9,1,0.9
681,545,长征台阶广场,61,0.55,1,0.55
945,756,长圳公园,61,0.25,1,0.25
485,388,乌石岩公园,62,0.9,1,0.9
528,422,田心公园(暂停营业),62,0.9,1,0.9
1010,808,罗租岭公园,62,0.25,1,0.25
944,755,花漾广场,62,0.25,1,0.25
1155,924,上排公园,62,0.08,1,0.08
1239,991,华丰经安花园广场,62,0.08,1,0.08
548,438,乌石岩公园,63,0.9,1,0.9
753,602,田心公园(暂停营业),63,0.55,1,0.55
1121,897,花漾广场,63,0.08,1,0.08
1187,950,罗租岭公园,63,0.08,1,0.08
959,767,上排公园,63,0.25,1,0.25
17,14,田心公园(暂停营业),64,1,1,1.0
1069,855,官田社区公园,64,0.25,1,0.25
1051,841,乌石岩公园,64,0.25,1,0.25
1051,841,上排公园,64,0.25,1,0.25
1107,886,罗租岭公园,64,0.08,1,0.08
1243,994,华丰经安花园广场,64,0.08,1,0.08
413,330,上排公园,65,1,1,1.0
756,605,田心公园(暂停营业),65,0.55,1,0.55
1278,1022,官田社区公园,65,0.08,1,0.08
1276,1021,乌石岩公园,65,0.08,1,0.08
740,592,乌石岩公园,66,0.55,1,0.55
626,501,田心公园(暂停营业),66,0.9,1,0.9
803,642,上排公园,66,0.55,1,0.55
1267,1014,罗租岭公园,66,0.08,1,0.08
1201,961,花漾广场,66,0.08,1,0.08
236,189,官田社区公园,67,1,1,1.0
829,663,田心公园(暂停营业),67,0.55,1,0.55
1083,866,华丰经安花园广场,67,0.25,1,0.25
1199,959,水田社区公园,67,0.08,1,0.08
669,535,艾美特党建公园,68,0.55,1,0.55
32,26,石岩新村社区公园,69,1,1,1.0
837,670,石岩环湖碧道,69,0.55,1,0.55
877,702,湿地公园景点-万象广场,69,0.25,1,0.25
1049,839,花漾广场,69,0.25,1,0.25
1246,997,水务公园,69,0.08,1,0.08
539,431,应人石公园,70,0.9,1,0.9
629,503,向南公园,72,0.9,1,0.9
909,727,东华怡心园,72,0.25,1,0.25
941,753,海德社区公园,72,0.25,1,0.25
955,764,文心公园,72,0.25,1,0.25
902,722,长青园,72,0.25,1,0.25
1135,908,桂庙新村休闲小公园,72,0.08,1,0.08
139,111,鸿兴水族馆,73,1,1,1.0
378,302,梦幻海洋水族馆,73,1,1,1.0
225,180,蛇口法制文化广场,73,1,1,1.0
371,297,围仔山公园,73,1,1,1.0
551,441,社区青工休闲广场,73,0.9,1,0.9
571,457,蛇口广场,73,0.9,1,0.9
540,432,蛇口湾厦山公园,73,0.9,1,0.9
819,655,渔港中心公园,73,0.55,1,0.55
1173,938,南达楼体育广场,73,0.08,1,0.08
259,207,蛇口法制文化广场,74,1,1,1.0
169,135,鸿兴水族馆,74,1,1,1.0
213,170,围仔山公园,74,1,1,1.0
412,330,梦幻海洋水族馆,74,1,1,1.0
382,306,蛇口湾厦山公园,74,1,1,1.0
585,468,社区青工休闲广场,74,0.9,1,0.9
630,504,蛇口广场,74,0.9,1,0.9
878,702,渔港中心公园,74,0.25,1,0.25
1229,983,东角头社区公园,74,0.08,1,0.08
1172,938,四海公园,74,0.08,1,0.08
1014,811,南达楼体育广场,74,0.25,1,0.25
1246,997,招商东路休闲公园,74,0.08,1,0.08
327,262,蛇口湾厦山公园,75,1,1,1.0
405,324,围仔山公园,75,1,1,1.0
455,364,鸿兴水族馆,75,0.9,1,0.9
592,474,蛇口法制文化广场,75,0.9,1,0.9
850,680,东角头社区公园,75,0.55,1,0.55
651,521,梦幻海洋水族馆,75,0.9,1,0.9
736,589,蛇口广场,75,0.55,1,0.55
867,694,招商东路休闲公园,75,0.55,1,0.55
918,734,社区青工休闲广场,75,0.25,1,0.25
1194,955,后海滨公园南区,75,0.08,1,0.08
984,787,渔港中心公园,75,0.25,1,0.25
1169,935,四海公园,75,0.08,1,0.08
619,495,东角头社区公园,76,0.9,1,0.9
1141,913,蛇口湾厦山公园,76,0.08,1,0.08
649,519,四海公园,76,0.9,1,0.9
811,649,招商东路休闲公园,76,0.55,1,0.55
705,564,后海滨公园南区,76,0.55,1,0.55
1219,975,围仔山公园,76,0.08,1,0.08
1269,1015,蛇口法制文化广场,76,0.08,1,0.08
967,774,南达楼体育广场,76,0.25,1,0.25
1160,928,后海批发市场社区公园,76,0.08,1,0.08
431,345,围仔山公园,77,1,1,1.0
361,289,蛇口法制文化广场,77,1,1,1.0
600,480,蛇口湾厦山公园,77,0.9,1,0.9
506,405,社区青工休闲广场,77,0.9,1,0.9
509,407,鸿兴水族馆,77,0.9,1,0.9
638,510,梦幻海洋水族馆,77,0.9,1,0.9
934,747,四海公园,77,0.25,1,0.25
782,626,南达楼体育广场,77,0.55,1,0.55
960,768,蛇口广场,77,0.25,1,0.25
1208,966,渔港中心公园,77,0.08,1,0.08
821,657,社区公园,78,0.55,1,0.55
911,729,白花文体广场,78,0.25,1,0.25
759,607,同富裕社区公园(园发路),80,0.55,1,0.55
1047,838,同胜文化广场,80,0.25,1,0.25
1027,822,大浪劳动者广场,80,0.25,1,0.25
763,610,水田社区公园,81,0.55,1,0.55
82,66,篮球广场公园,82,1,1,1.0
1210,968,阳台山森林公园-大浪文化公园,82,0.08,1,0.08
1254,1003,易家青年公园,82,0.08,1,0.08
219,175,麻磡公园,83,1,1,1.0
515,412,丽山文体公园,84,0.9,1,0.9
1102,882,波兰鸡,84,0.08,1,0.08
986,789,深圳大学城北广场,84,0.25,1,0.25
1020,816,湖滨公园,84,0.25,1,0.25
1043,834,平山公园,84,0.25,1,0.25
846,677,丽山文体公园,85,0.55,1,0.55
919,735,深圳野生动物园经理值班室,85,0.25,1,0.25
1058,846,深圳野生动物园商业营运部,85,0.25,1,0.25
916,733,深圳市野生动物园-琵琶鸳,85,0.25,1,0.25
916,733,深圳市野生动物园-长臂猿站,85,0.25,1,0.25
1036,829,深圳市野生动物园-戴冕鹤,85,0.25,1,0.25
988,790,深圳野生动物园播音室,85,0.25,1,0.25
991,793,深圳市野生动物园-红面鹤,85,0.25,1,0.25
991,793,深圳市野生动物园-鹌鹑,85,0.25,1,0.25
1075,860,深圳市野生动物园-怪怪屋,85,0.25,1,0.25
1125,900,马园,85,0.08,1,0.08
1178,942,波兰鸡,85,0.08,1,0.08
1197,958,深圳市野生动物园-白孔雀,85,0.08,1,0.08
1156,925,大运广场,85,0.08,1,0.08
1240,992,荔枝林,85,0.08,1,0.08
1303,1042,深圳市野生动物园-蓝马鸡,85,0.08,1,0.08
1085,868,湖滨公园,85,0.25,1,0.25
1281,1025,深圳市野生动物园-食火鸡,85,0.08,1,0.08
1197,958,孔雀园,85,0.08,1,0.08
1292,1034,鹤鸵,85,0.08,1,0.08
1291,1033,深圳大学城北广场,85,0.08,1,0.08
1303,1042,狂欢节广场,87,0.08,1,0.08
439,351,狂欢节广场,88,0.9,1,0.9
1047,838,肯尼亚非洲野生动物园,88,0.25,1,0.25
941,753,西班牙广场,88,0.25,1,0.25
1041,833,世界之窗-西班牙戈地公园,88,0.25,1,0.25
1210,968,梦幻水母馆,88,0.08,1,0.08
818,654,狂欢节广场,89,0.55,1,0.55
986,789,沙河集团新塘公园,89,0.25,1,0.25
745,596,狂欢节广场,90,0.55,1,0.55
1062,850,沙河集团新塘公园,90,0.25,1,0.25
1247,998,西班牙广场,90,0.08,1,0.08
57,46,生态广场A区,91,1,1,1.0
275,220,深圳华侨城旅游度假区-生态广场,91,1,1,1.0
270,216,湖滨广场,91,1,1,1.0
593,474,西班牙广场,91,0.9,1,0.9
766,613,燕晗山郊野公园,91,0.55,1,0.55
1261,1009,金枪鱼广场,91,0.08,1,0.08
1110,888,狂欢节广场,91,0.08,1,0.08
1204,963,中国民俗文化村,91,0.08,1,0.08
79,63,罗屋围旧村社区公园,92,1,1,1.0
287,230,毓林公园,92,1,1,1.0
988,790,大浪文化体育公园,92,0.25,1,0.25
959,767,大浪市民公园(暂停营业),93,0.25,1,0.25
601,481,新围社区公园,93,0.9,1,0.9
1041,833,大浪办事处消防文化主题公园(装修中),93,0.25,1,0.25
1087,870,毓林公园,93,0.25,1,0.25
1122,898,罗屋围旧村社区公园,93,0.08,1,0.08
1183,946,大浪文化体育公园,93,0.08,1,0.08
935,748,大浪市民公园(暂停营业),94,0.25,1,0.25
586,469,新围社区公园,94,0.9,1,0.9
1026,821,大浪办事处消防文化主题公园(装修中),94,0.25,1,0.25
1085,868,毓林公园,94,0.25,1,0.25
1120,896,罗屋围旧村社区公园,94,0.08,1,0.08
1181,945,大浪文化体育公园,94,0.08,1,0.08
963,770,三联公园,95,0.25,1,0.25
551,441,龙胜公园,96,0.9,1,0.9
823,658,大浪龙平公园,96,0.55,1,0.55
1180,944,上芬社区公园,96,0.08,1,0.08
689,551,大浪龙平公园,97,0.55,1,0.55
953,762,龙塘公园,97,0.25,1,0.25
1293,1034,简上社区公园,97,0.08,1,0.08
129,103,龙塘公园,98,1,1,1.0
347,278,简上社区公园,98,1,1,1.0
1273,1018,大浪龙平公园,98,0.08,1,0.08
457,366,上芬社区公园,99,0.9,1,0.9
1102,882,大浪龙平公园,99,0.08,1,0.08
1257,1006,龙塘东区公园,99,0.08,1,0.08
835,668,龙胜公园,100,0.55,1,0.55
967,774,高峰社区消防文化公园,100,0.25,1,0.25
1144,915,鹊山社区健身休闲广场,100,0.08,1,0.08
1117,894,大浪龙平公园,100,0.08,1,0.08
486,389,龙华公园,101,0.9,1,0.9
883,706,龙胜公园,101,0.25,1,0.25
1273,1018,景华文体公园,101,0.08,1,0.08
1291,1033,景龙社区广场,101,0.08,1,0.08
923,738,上芬社区公园,102,0.25,1,0.25
1305,1044,德逸公园,102,0.25,1,0.25
735,588,上芬社区公园,103,0.55,1,0.55
1141,913,德逸公园,103,0.08,1,0.08
537,430,翠海花园香蜜体育公园,104,0.9,1,0.9
367,294,侨香公园,104,1,1,1.0
615,492,梅园,104,0.9,1,0.9
1067,854,梅林山公园,104,0.25,1,0.25
737,590,听泉居社区公园,104,0.55,1,0.55
792,634,香安社区公园,104,0.55,1,0.55
1140,912,天主教深圳圣安多尼堂-农林公园,104,0.08,1,0.08
1174,939,农林路绿化休闲公园带,104,0.08,1,0.08
818,654,香蜜公园,105,0.55,1,0.55
508,406,翠海花园香蜜体育公园,105,0.9,1,0.9
729,583,侨香公园,105,0.55,1,0.55
636,509,农林路绿化休闲公园带,105,0.9,1,0.9
615,492,天主教深圳圣安多尼堂-农林公园,105,0.9,1,0.9
922,738,香安社区公园,105,0.25,1,0.25
1145,916,东海文化广场,105,0.08,1,0.08
1224,979,听泉居社区公园,105,0.08,1,0.08
817,654,香蜜公园,106,0.55,1,0.55
494,395,翠海花园香蜜体育公园,106,0.9,1,0.9
652,522,侨香公园,106,0.9,1,0.9
635,508,农林路绿化休闲公园带,106,0.9,1,0.9
614,491,天主教深圳圣安多尼堂-农林公园,106,0.9,1,0.9
908,726,香安社区公园,106,0.25,1,0.25
1305,1044,梅园,106,0.25,1,0.25
1144,915,东海文化广场,106,0.08,1,0.08
1210,968,听泉居社区公园,106,0.08,1,0.08
321,257,香蜜湖文化广场,107,1,1,1.0
371,297,越众社区公园,107,1,1,1.0
483,386,竹林社区文化广场,107,0.9,1,0.9
622,498,竹香社区公园,107,0.9,1,0.9
1006,805,东海文化广场,107,0.25,1,0.25
1269,1015,农林路绿化休闲公园带,107,0.08,1,0.08
1282,1026,天主教深圳圣安多尼堂-农林公园,107,0.08,1,0.08
1174,939,人才园社区公园,107,0.08,1,0.08
1244,995,深圳国际园林花卉博览园,108,0.08,1,0.08
1079,863,人才园社区公园,108,0.25,1,0.25
321,257,香蜜湖文化广场,109,1,1,1.0
371,297,越众社区公园,109,1,1,1.0
483,386,竹林社区文化广场,109,0.9,1,0.9
622,498,竹香社区公园,109,0.9,1,0.9
1006,805,东海文化广场,109,0.25,1,0.25
1269,1015,农林路绿化休闲公园带,109,0.08,1,0.08
1282,1026,天主教深圳圣安多尼堂-农林公园,109,0.08,1,0.08
1174,939,人才园社区公园,109,0.08,1,0.08
315,252,下沙文化广场,110,1,1,1.0
520,416,上沙广场,110,0.9,1,0.9
780,624,已夏水洗公园,110,0.55,1,0.55
1053,842,金谷广场,110,0.25,1,0.25
1191,953,泰然文化广场,110,0.08,1,0.08
1210,968,福荣都市绿道,110,0.08,1,0.08
44,35,桥头公园,111,1,1,1.0
666,533,桂花河滨公园,111,0.55,1,0.55
678,542,桥头公园,112,0.55,1,0.55
1078,862,观澜老街公园,112,0.25,1,0.25
1258,1006,桂花河滨公园,112,0.08,1,0.08
1289,1031,大布巷休闲公园,112,0.08,1,0.08
672,538,马坜社区公园,113,0.55,1,0.55
494,395,畔湾广场,113,0.9,1,0.9
779,623,观澜老街公园,113,0.55,1,0.55
1107,886,大布巷休闲公园,113,0.08,1,0.08
823,658,观澜人民公园,113,0.55,1,0.55
1081,865,观城公园,113,0.25,1,0.25
827,662,观澜河人工湿地,114,0.55,1,0.55
644,515,环观南雨水花园,114,0.9,1,0.9
700,560,清湖公园,115,0.55,1,0.55
984,787,聚友广场,115,0.25,1,0.25
857,686,政商文创园,115,0.55,1,0.55
905,724,观澜河人工湿地,116,0.25,1,0.25
424,339,梅观街心公园,117,1,1,1.0
1292,1034,联洋广场,117,0.08,1,0.08
1285,1028,正洲健康广场,117,0.08,1,0.08
102,82,民乐社区公园,118,1,1,1.0
497,398,民治法治文化公园,118,0.9,1,0.9
426,341,莲花北村社区公园,119,1,1,1.0
323,258,莲花北中心广场,119,1,1,1.0
890,712,梅丰社区公园,119,0.25,1,0.25
1039,831,北大医院社区公园,119,0.25,1,0.25
1234,987,中康公园,119,0.08,1,0.08
1302,1042,凯丰社区公园,119,0.08,1,0.08
279,223,景田法治公园,120,1,1,1.0
789,631,北大医院社区公园,120,0.55,1,0.55
512,410,景丽社区公园,120,0.9,1,0.9
662,530,百花文化广场,120,0.55,1,0.55
568,454,福田区莲花街道消防主题公园,120,0.9,1,0.9
679,543,莲花山公园-舞林广场,120,0.55,1,0.55
817,654,深圳商报广场,120,0.55,1,0.55
1004,803,莲花北中心广场,120,0.25,1,0.25
857,686,梅富北社区公园,120,0.55,1,0.55
1082,866,莲花北村社区公园,120,0.25,1,0.25
941,753,景华社区公园,120,0.25,1,0.25
1069,855,景田北二街街心公园,120,0.25,1,0.25
1099,879,景蜜村公园,120,0.08,1,0.08
1185,948,狮岭社区公园,120,0.08,1,0.08
1271,1017,梅林前门公园,120,0.08,1,0.08
1204,963,景田北一街街心公园,120,0.08,1,0.08
1168,934,景田北一街街心公园-岩石主题园,120,0.08,1,0.08
199,159,梅河社区公园,121,1,1,1.0
454,363,梅林前门公园,121,0.9,1,0.9
448,358,下梅林文体公园,121,0.9,1,0.9
493,394,下梅林社区公园,121,0.9,1,0.9
889,711,梅林公园,121,0.25,1,0.25
833,666,梅林文化广场,121,0.55,1,0.55
1145,916,梅富北社区公园,121,0.08,1,0.08
950,760,上梅林文体公园,121,0.25,1,0.25
1049,839,梅林公园古荔区,121,0.25,1,0.25
1036,829,梅林一村12期社区公园,121,0.25,1,0.25
1089,871,梅林山公园,121,0.08,1,0.08
1129,903,梅林一村13区-社区公园,121,0.08,1,0.08
683,546,下梅林社区公园,122,0.55,1,0.55
660,528,梅富北社区公园,122,0.55,1,0.55
548,438,梅林前门公园,122,0.9,1,0.9
1050,840,景蜜村公园,122,0.25,1,0.25
984,787,景田北六街公园宠物主题园,122,0.25,1,0.25
985,788,梅林山公园,122,0.25,1,0.25
950,760,福田区莲花街道消防主题公园,122,0.25,1,0.25
799,639,梅河社区公园,122,0.55,1,0.55
1231,985,景田北七街街心公园,122,0.08,1,0.08
1205,964,景田法治公园,122,0.08,1,0.08
1096,877,下梅林文体公园,122,0.08,1,0.08
1302,1042,北大医院社区公园,122,0.08,1,0.08
196,157,梅河社区公园,123,1,1,1.0
451,361,梅林前门公园,123,0.9,1,0.9
445,356,下梅林文体公园,123,0.9,1,0.9
490,392,下梅林社区公园,123,0.9,1,0.9
886,709,梅林公园,123,0.25,1,0.25
830,664,梅林文化广场,123,0.55,1,0.55
1142,914,梅富北社区公园,123,0.08,1,0.08
947,758,上梅林文体公园,123,0.25,1,0.25
1046,837,梅林公园古荔区,123,0.25,1,0.25
1033,826,梅林一村12期社区公园,123,0.25,1,0.25
1086,869,梅林山公园,123,0.25,1,0.25
1126,901,梅林一村13区-社区公园,123,0.08,1,0.08
482,386,中康公园,124,0.9,1,0.9
690,552,梅丰社区公园,124,0.55,1,0.55
1046,837,上梅林文体公园,124,0.25,1,0.25
1201,961,凯丰社区公园,124,0.08,1,0.08
1203,962,梅林文化广场,124,0.08,1,0.08
956,765,福新社区公园,125,0.25,1,0.25
1216,973,岁宝广场,125,0.08,1,0.08
749,599,福民社区公园,125,0.55,1,0.55
1106,885,皇岗公园,125,0.08,1,0.08
1046,837,新洲文化广场,125,0.25,1,0.25
974,779,MINGYUECOMMUNITYPARK,125,0.25,1,0.25
1046,837,明月社区公园,125,0.25,1,0.25
878,702,石厦北七街公园,125,0.25,1,0.25
673,538,新洲文化广场,126,0.55,1,0.55
721,577,沙嘴社区公园,126,0.55,1,0.55
849,679,沙尾文化广场,126,0.55,1,0.55
1293,1034,福新社区公园,126,0.08,1,0.08
1155,924,新艺公园,127,0.08,1,0.08
1279,1023,求雨岭公园,127,0.08,1,0.08
1052,842,新艺公园,128,0.25,1,0.25
1298,1038,求雨岭公园,128,0.08,1,0.08
742,594,白鸽湖文化公园,129,0.55,1,0.55
1211,969,新田公园,129,0.08,1,0.08
1095,876,古樟树公园,129,0.08,1,0.08
1146,917,白鸽湖文化公园,130,0.08,1,0.08
440,352,樟坑径公园,131,0.9,1,0.9
837,670,蛇地坑公园,131,0.55,1,0.55
804,643,望湖街道法治文化主题公园,131,0.55,1,0.55
851,681,樟坑径下围社区公园,131,0.55,1,0.55
1208,966,樟坑径城市公园,131,0.08,1,0.08
37,30,坂田文化广场,132,1,1,1.0
831,665,佳缘公园,132,0.55,1,0.55
835,668,布吉思清公园,133,0.55,1,0.55
1282,1026,又一村街心公园,133,0.08,1,0.08
1009,807,德兴社区公园,134,0.25,1,0.25
803,642,布吉街道新一佳中心广场,134,0.55,1,0.55
1169,935,德兴梦清公园,134,0.08,1,0.08
1023,818,深圳东站西广场,134,0.25,1,0.25
1232,986,布吉公园,134,0.08,1,0.08
250,200,布吉思清公园,135,1,1,1.0
1234,987,半山广场,135,0.08,1,0.08
993,794,龙园山庄公园,135,0.25,1,0.25
1164,931,鹤围文体广场,135,0.08,1,0.08
1264,1011,德兴社区公园,135,0.08,1,0.08
863,690,德兴梦清公园,135,0.55,1,0.55
566,453,金湖公园,136,0.9,1,0.9
927,742,泥岗公园,136,0.25,1,0.25
916,733,坭岗街心花园,136,0.25,1,0.25
910,728,梅园社区公园,136,0.25,1,0.25
1172,938,泥岗社区居民广场,136,0.08,1,0.08
609,487,体育南社区公园,137,0.9,1,0.9
321,257,长城一号社区公园,137,1,1,1.0
463,370,白沙岭社区公园,137,0.9,1,0.9
1175,940,上步社区公园,137,0.08,1,0.08
1152,922,红荔社区公园,137,0.08,1,0.08
1155,924,园岭一村中心花园全民健身活动点,137,0.08,1,0.08
1304,1043,华新村-社区公园,137,0.08,1,0.08
21,17,泥岗社区居民广场,138,1,1,1.0
330,264,泥岗公园,138,1,1,1.0
463,370,坭岗街心花园,138,0.9,1,0.9
615,492,梅园社区公园,138,0.9,1,0.9
755,604,梅园社区文体广场,138,0.55,1,0.55
658,526,金湖公园,138,0.55,1,0.55
1235,988,深圳市公园管理中心红岗公园,138,0.08,1,0.08
459,367,华富社区公园,139,0.9,1,0.9
1187,950,笔架山公园,139,0.08,1,0.08
1256,1005,市话大厦中心公园,139,0.08,1,0.08
1259,1007,华新村-社区公园,139,0.08,1,0.08
1289,1031,长城一号社区公园,139,0.08,1,0.08
317,254,华富社区公园,140,1,1,1.0
1107,886,华新村-社区公园,140,0.08,1,0.08
1104,883,市话大厦中心公园,140,0.08,1,0.08
1025,820,笔架山公园,140,0.25,1,0.25
1210,968,星空广场,140,0.08,1,0.08
1137,910,长城一号社区公园,140,0.08,1,0.08
1281,1025,体育南社区公园,140,0.08,1,0.08
576,461,体育南社区公园,141,0.9,1,0.9
461,369,园岭一村中心花园全民健身活动点,141,0.9,1,0.9
876,701,深圳人一天雕塑公园,141,0.25,1,0.25
895,716,白沙岭社区公园,141,0.25,1,0.25
862,690,长城一号社区公园,141,0.55,1,0.55
834,667,上步社区公园,141,0.55,1,0.55
1083,866,时代社区公园,141,0.25,1,0.25
1267,1014,城脉中心北广场(建设中),141,0.08,1,0.08
1211,969,物资集团社区公园,141,0.08,1,0.08
708,566,园岭一村中心花园全民健身活动点,142,0.55,1,0.55
642,514,城脉中心北广场(建设中),142,0.9,1,0.9
747,598,时代社区公园,142,0.55,1,0.55
875,700,物资集团社区公园,142,0.25,1,0.25
826,661,体育南社区公园,142,0.55,1,0.55
1124,899,深圳人一天雕塑公园,142,0.08,1,0.08
1083,866,笋岗远望街心公园,142,0.25,1,0.25
1112,890,长城一号社区公园,142,0.08,1,0.08
1262,1010,泥岗公园,142,0.08,1,0.08
1222,978,泥岗社区居民广场,142,0.08,1,0.08
80,64,赤尾社区公园,143,1,1,1.0
994,795,太极广场,143,0.25,1,0.25
877,702,下步庙北区公园,143,0.25,1,0.25
1167,934,庆福园大厦中心广场,143,0.08,1,0.08
1084,867,福田环庆文化广场,143,0.25,1,0.25
933,746,福滨社区公园,143,0.25,1,0.25
80,64,赤尾社区公园,144,1,1,1.0
994,795,太极广场,144,0.25,1,0.25
877,702,下步庙北区公园,144,0.25,1,0.25
1157,926,庆福园大厦中心广场,144,0.08,1,0.08
1074,859,福田环庆文化广场,144,0.25,1,0.25
908,726,福滨社区公园,144,0.25,1,0.25
332,266,赤尾社区公园,145,1,1,1.0
379,303,下步庙北区公园,145,1,1,1.0
496,397,太极广场,145,0.9,1,0.9
765,612,沙埔头文化广场,145,0.55,1,0.55
813,650,华强花园社区公园,145,0.55,1,0.55
1210,968,庆福园大厦中心广场,145,0.08,1,0.08
1148,918,福田环庆文化广场,145,0.08,1,0.08
1267,1014,福南社区公园,145,0.08,1,0.08
1204,963,福滨社区公园,145,0.08,1,0.08
135,108,沙埔头文化广场,146,1,1,1.0
992,794,下步庙北区公园,146,0.25,1,0.25
907,726,中海地产近新城市广场,146,0.25,1,0.25
1075,860,太极广场,146,0.25,1,0.25
1228,982,滨海新村社区-公园,146,0.08,1,0.08
1189,951,滨江新村社区公园,146,0.08,1,0.08
1154,923,华强花园社区公园,146,0.08,1,0.08
709,567,福滨社区公园,147,0.55,1,0.55
550,440,福田环庆文化广场,147,0.9,1,0.9
712,570,庆福园大厦中心广场,147,0.55,1,0.55
1296,1037,赤尾社区公园,147,0.08,1,0.08
1042,834,福虹社区公园,147,0.25,1,0.25
1092,874,福医社区公园,147,0.08,1,0.08
1128,902,福南社区公园,147,0.08,1,0.08
856,685,福滨社区公园,148,0.55,1,0.55
378,302,下步庙北区公园,149,1,1,1.0
322,258,太极广场,149,1,1,1.0
411,329,华强花园社区公园,149,1,1,1.0
735,588,沙埔头文化广场,149,0.55,1,0.55
895,716,福南社区公园,149,0.25,1,0.25
966,773,赤尾社区公园,149,0.25,1,0.25
1000,800,庆福园大厦中心广场,149,0.25,1,0.25
1063,850,LED显示屏广场,149,0.25,1,0.25
1057,846,福虹社区公园,149,0.25,1,0.25
1113,890,福医社区公园,149,0.08,1,0.08
1248,998,深圳中心公园-榕树广场,149,0.08,1,0.08
580,464,民心广场,150,0.9,1,0.9
677,542,平湖广场,150,0.55,1,0.55
890,712,中泰车后服务公司,150,0.25,1,0.25
605,484,御峰广场,151,0.9,1,0.9
1066,853,民心广场,151,0.25,1,0.25
619,495,书香公园,152,0.9,1,0.9
399,319,新木社区公园,152,1,1,1.0
1116,893,青岛啤酒休闲广场,152,0.08,1,0.08
1229,983,上木古村公园,152,0.08,1,0.08
267,214,下李朗公园,153,1,1,1.0
223,178,下李朗社区体育公园,153,1,1,1.0
1196,957,布澜路联创社区公园,153,0.08,1,0.08
628,502,深圳东站东广场,155,0.9,1,0.9
783,626,满庭芳广场,155,0.55,1,0.55
1266,1013,木棉社区公园,155,0.08,1,0.08
832,666,深圳东站西广场,155,0.55,1,0.55
991,793,布吉公园,155,0.25,1,0.25
1132,906,布吉街道新一佳中心广场,155,0.08,1,0.08
1268,1014,百鸽笼社区公园,155,0.08,1,0.08
173,138,南岭村社区文化广场,156,1,1,1.0
1196,957,沙塘布文化广场(装修中),156,0.08,1,0.08
1283,1026,吉厦统建楼广场,156,0.08,1,0.08
1086,869,布吉公园,157,0.25,1,0.25
858,686,深圳东站东广场,157,0.55,1,0.55
1155,924,深圳东站西广场,157,0.08,1,0.08
1160,928,康乐社区公园,158,0.08,1,0.08
955,764,康乐社区公园,159,0.25,1,0.25
492,394,山顶公园,160,0.9,1,0.9
838,670,翠竹公园,160,0.55,1,0.55
877,702,园科公园,160,0.25,1,0.25
970,776,德宏天下社区公园,160,0.25,1,0.25
1115,892,洪湖源兴居社区公园,160,0.08,1,0.08
1148,918,洪湖广场,160,0.08,1,0.08
1157,926,湖景社区公园,160,0.08,1,0.08
1295,1036,罗湖区笋岗街道办事处洪湖社区十号大院文体广场,160,0.08,1,0.08
1304,1043,水晶广场,160,0.08,1,0.08
83,66,德宏天下社区公园,161,1,1,1.0
295,236,洪湖源兴居社区公园,161,1,1,1.0
328,262,洪湖广场,161,1,1,1.0
475,380,罗湖区笋岗街道办事处洪湖社区十号大院文体广场,161,0.9,1,0.9
735,588,湖景社区公园,161,0.55,1,0.55
978,782,童乐社区公园,161,0.25,1,0.25
1135,908,儿童公园,161,0.08,1,0.08
1078,862,山顶公园,161,0.25,1,0.25
1240,992,水贝社区公园,161,0.08,1,0.08
1294,1035,翠竹公园,161,0.08,1,0.08
1200,960,翠锦社区公园,161,0.08,1,0.08
1127,902,儿童公园,162,0.08,1,0.08
879,703,湖景社区公园,162,0.25,1,0.25
942,754,童乐社区公园,162,0.25,1,0.25
828,662,山顶公园,162,0.55,1,0.55
730,584,锦绣大厦社区公园,162,0.55,1,0.55
787,630,新谊社区公园,162,0.55,1,0.55
997,798,园科公园,162,0.25,1,0.25
1254,1003,德宏天下社区公园,162,0.08,1,0.08
1304,1043,洪湖源兴居社区公园,162,0.08,1,0.08
1245,996,时代广场,162,0.08,1,0.08
1222,978,东门信和广场,162,0.08,1,0.08
125,100,龙岗区平湖鹅公岭园,163,1,1,1.0
376,301,鹅公岭社区平安文化广场,163,1,1,1.0
1130,904,鹅公岭社区公园,163,0.08,1,0.08
212,170,六约公园,164,1,1,1.0
430,344,麻地公园,164,1,1,1.0
820,656,大和文体广场,164,0.55,1,0.55
309,247,南湾街道消防文化主题公园,165,1,1,1.0
506,405,沙湾关口社区公园,165,0.9,1,0.9
469,375,沙湾厦村社区河岸公园,165,0.9,1,0.9
282,226,沙塘布文化广场(装修中),166,1,1,1.0
554,443,沙湾厦村社区河岸公园,166,0.9,1,0.9
984,787,樟树布公园,166,0.25,1,0.25
752,602,吉厦统建楼广场,166,0.55,1,0.55
767,614,吉厦文化广场,166,0.55,1,0.55
1202,962,南湾街道消防文化主题公园,166,0.08,1,0.08
1141,913,南岭村社区文化广场,166,0.08,1,0.08
562,450,樟树布公园,167,0.9,1,0.9
839,671,沙塘布文化广场(装修中),167,0.55,1,0.55
904,723,沙湾关口社区公园,167,0.25,1,0.25
955,764,南湾街道消防文化主题公园,167,0.25,1,0.25
1278,1022,南岭村社区文化广场,167,0.08,1,0.08
427,342,莲塘决岭社区公园,168,1,1,1.0
951,761,莲塘莲花社区公园,168,0.25,1,0.25
742,594,莲塘仙湖社区公园,168,0.55,1,0.55
927,742,坳下社区文化广场,168,0.25,1,0.25
59,47,坳下社区文化广场,169,1,1,1.0
1100,880,莲塘仙湖社区公园,169,0.08,1,0.08
912,730,坳下社区文化广场,170,0.25,1,0.25
208,166,莲塘仙湖社区公园,171,1,1,1.0
635,508,莲塘决岭社区公园,171,0.9,1,0.9
1251,1001,坳下社区文化广场,171,0.08,1,0.08
474,379,东方沁园社区公园,173,0.9,1,0.9
558,446,方糖广场,173,0.9,1,0.9
730,584,愉香社区公园,173,0.55,1,0.55
837,670,新秀社区公园,173,0.55,1,0.55
323,258,荷坳街心公园,174,1,1,1.0
481,385,乐城公园,174,0.9,1,0.9
272,218,华侨新村文体广场,175,1,1,1.0
427,342,茂盛公园,175,1,1,1.0
871,697,横岗人民公园,175,0.25,1,0.25
1010,808,新塘坑社区公园,175,0.25,1,0.25
929,743,仙桃园公区,175,0.25,1,0.25
1024,819,四联社区街心公园,175,0.25,1,0.25
139,111,新塘坑社区公园,176,1,1,1.0
628,502,横岗文体广场,176,0.9,1,0.9
1067,854,仙桃园公区,176,0.25,1,0.25
1151,921,信义广场,176,0.08,1,0.08
1287,1030,华侨新村文体广场,176,0.08,1,0.08
1188,950,茂盛公园,176,0.08,1,0.08
20,16,华侨新村文体广场,177,1,1,1.0
506,405,茂盛公园,177,0.9,1,0.9
1060,848,横岗人民公园,177,0.25,1,0.25
1138,910,仙桃园公区,177,0.08,1,0.08
1217,974,新塘坑社区公园,177,0.08,1,0.08
1112,890,四联社区街心公园,177,0.08,1,0.08
115,92,西坑工人文化广场,178,1,1,1.0
348,278,西坑小学公园,178,1,1,1.0
855,684,白鸡斗公园,178,0.55,1,0.55
977,782,田心社区文体公园,179,0.25,1,0.25
916,733,叶屋西社区公园,179,0.25,1,0.25
1145,916,东和社区文体街心公园,179,0.08,1,0.08
147,118,田心社区文体公园,180,1,1,1.0
649,519,叶屋西社区公园,180,0.9,1,0.9
418,334,东和社区文体街心公园,180,1,1,1.0
547,438,桥东社区公园,180,0.9,1,0.9
844,675,鹏湾社区公园,180,0.55,1,0.55
791,633,东和公园,180,0.55,1,0.55
1296,1037,海景路带状公园,180,0.08,1,0.08
1257,1006,回归广场,180,0.08,1,0.08
449,359,桥东社区公园,181,0.9,1,0.9
516,413,田心社区文体公园,181,0.9,1,0.9
373,298,东和社区文体街心公园,181,1,1,1.0
859,687,叶屋西社区公园,181,0.55,1,0.55
693,554,东和公园,181,0.55,1,0.55
888,710,鹏湾社区公园,181,0.25,1,0.25
1148,918,海景路带状公园,181,0.08,1,0.08
993,794,回归广场,181,0.25,1,0.25
1160,928,古塔社区公园,181,0.08,1,0.08
1265,1012,盐田区海滨公园,181,0.08,1,0.08
137,110,桥东社区公园,182,1,1,1.0
276,221,东和社区文体街心公园,182,1,1,1.0
525,420,东和公园,182,0.9,1,0.9
719,575,田心社区文体公园,182,0.55,1,0.55
873,698,叶屋西社区公园,182,0.25,1,0.25
790,632,鹏湾社区公园,182,0.55,1,0.55
980,784,海景路带状公园,182,0.25,1,0.25
1009,807,古塔社区公园,182,0.25,1,0.25
842,674,回归广场,182,0.55,1,0.55
1164,931,盐田中央公园,182,0.08,1,0.08
232,186,龙西社区文化广场,183,1,1,1.0
307,246,龙西社区公园,183,1,1,1.0
873,698,楼吓公园,183,0.25,1,0.25
556,445,龙西街心公园,183,0.9,1,0.9
788,630,石湖社区公园,184,0.55,1,0.55
525,420,健康广场,185,0.9,1,0.9
408,326,新一佳中心广场,186,1,1,1.0
479,383,明珠人口文化公园,186,0.9,1,0.9
636,509,盐田微屏广场,186,0.9,1,0.9
973,778,明珠社区公园,186,0.25,1,0.25
1223,978,永安社区公园,186,0.08,1,0.08
915,732,新园社区公园,186,0.25,1,0.25
801,641,海桐公园,187,0.55,1,0.55
326,261,海山公园,188,1,1,1.0
1168,934,盐田中央公园,188,0.08,1,0.08
454,363,海景路带状公园,189,0.9,1,0.9
706,565,东和公园,189,0.55,1,0.55
743,594,盐田区海滨栈道健身广场,189,0.55,1,0.55
915,732,鹏湾社区公园,189,0.25,1,0.25
900,720,盐田中央公园,189,0.25,1,0.25
730,584,东和社区文体街心公园,189,0.55,1,0.55
759,607,桥东社区公园,189,0.55,1,0.55
1163,930,回归广场,189,0.08,1,0.08
1248,998,叶屋西社区公园,189,0.08,1,0.08
188,150,东和社区文体街心公园,190,1,1,1.0
339,271,桥东社区公园,190,1,1,1.0
454,363,东和公园,190,0.9,1,0.9
629,503,海景路带状公园,190,0.9,1,0.9
600,480,鹏湾社区公园,190,0.9,1,0.9
785,628,叶屋西社区公园,190,0.55,1,0.55
1158,926,古塔社区公园,190,0.08,1,0.08
887,710,田心社区文体公园,190,0.25,1,0.25
991,793,回归广场,190,0.25,1,0.25
974,779,盐田中央公园,190,0.25,1,0.25
1128,902,盐田区海滨栈道健身广场,190,0.08,1,0.08
195,156,坪西公园,191,1,1,1.0
109,87,消防文化主题公园,192,1,1,1.0
370,296,龙东公园(装修中),193,1,1,1.0
962,770,陈源盛社区公园,193,0.25,1,0.25
313,250,宝龙一路社区文体公园,194,1,1,1.0
759,607,联和社区公园,194,0.55,1,0.55
1197,958,炳坑公园,194,0.08,1,0.08
22,18,碧岭生育文化广场,195,1,1,1.0
74,59,家庭健康文化广场,195,1,1,1.0
312,250,将军林-南约广场,196,1,1,1.0
436,349,炳坑公园,196,0.9,1,0.9
1072,858,宝龙比亚迪公园,196,0.25,1,0.25
542,434,石鼓岭公园(建设中),196,0.9,1,0.9
143,114,水广场,197,1,1,1.0
96,77,东海岸运动公园,197,1,1,1.0
876,701,伯洛威房车房车文化公园,197,0.25,1,0.25
1003,802,东部华侨城-水公园(暂停营业),197,0.25,1,0.25
1068,854,巨石岩画广场,197,0.25,1,0.25
1253,1002,月亮广场,197,0.08,1,0.08
802,642,大梅沙海滨公园,198,0.55,1,0.55
663,530,太阳广场,198,0.55,1,0.55
768,614,内湖公园,198,0.55,1,0.55
637,510,华侨新村社区公园,199,0.9,1,0.9
497,398,烟墩山国际友好公园,199,0.9,1,0.9
499,399,烟墩山生态公园,199,0.9,1,0.9
615,492,翡翠岛(明珠大道),199,0.9,1,0.9
262,210,鹤鸣公园,200,1,1,1.0
391,313,学苑街心公园,203,1,1,1.0
888,710,同裕街心公园,203,0.25,1,0.25
346,277,梅沙湾公园,205,1,1,1.0
833,666,内湖公园,205,0.55,1,0.55
584,467,巨石岩画广场,205,0.9,1,0.9
1096,877,太阳广场,205,0.08,1,0.08
1018,814,伯洛威房车房车文化公园,205,0.25,1,0.25
923,738,东部华侨城-水公园(暂停营业),205,0.25,1,0.25
106,85,老坑文化广场,206,1,1,1.0
539,431,盘龙世居文化广场,206,0.9,1,0.9
852,682,石井社区公园,208,0.55,1,0.55
744,595,江岭远香公园,209,0.55,1,0.55
775,620,坪山消防文化主题公园,209,0.55,1,0.55
541,433,葵涌街道盐村社区公园,210,0.9,1,0.9
245,196,五岭东街心花园,211,1,1,1.0
402,322,龙山公园,211,1,1,1.0
776,621,沙田文化广场,211,0.55,1,0.55
1163,930,五马峰公园,211,0.08,1,0.08
1162,930,翠湖居-五马峰,211,0.08,1,0.08
589,471,五岭东街心花园,212,0.9,1,0.9
761,609,沙田文化广场,212,0.55,1,0.55
1014,811,龙山公园,212,0.25,1,0.25
179,143,党建文化广场,213,1,1,1.0
432,346,田头荔枝公园,213,1,1,1.0
1197,958,深圳市葵涌街道文化广场,214,0.08,1,0.08
930,744,葵丰社区公园,214,0.25,1,0.25
1274,1019,葵涌街道葵涌社区公园,214,0.08,1,0.08
503,402,深圳市葵涌街道福田公园,215,0.9,1,0.9
724,579,葵涌街道葵涌社区公园,215,0.55,1,0.55
810,648,禾塘山水公园,215,0.55,1,0.55
964,771,深圳市葵涌街道文化广场,215,0.25,1,0.25
1030,824,鑫园广场,215,0.25,1,0.25
1213,970,葵丰社区公园,215,0.08,1,0.08
1139,911,金葵街心公园,215,0.08,1,0.08
928,742,葵涌公园,217,0.25,1,0.25
993,794,深圳市葵涌街道福田公园,217,0.25,1,0.25
1247,998,葵涌生态法治公园,217,0.08,1,0.08
1212,970,高源公园,217,0.08,1,0.08
1085,868,葵涌街道葵涌社区公园,217,0.25,1,0.25
158,126,深圳市葵涌街道官湖社区公园(建设中),218,1,1,1.0
184,147,高源公园,219,1,1,1.0
466,373,葵涌生态法治公园,219,0.9,1,0.9
1228,982,葵涌公园,219,0.08,1,0.08
180,144,万方广场,221,1,1,1.0
463,370,大鹏广场,221,0.9,1,0.9
624,499,大鹏社区公园,221,0.9,1,0.9
702,562,大鹏旱塘仔法治文化主题公园,221,0.55,1,0.55
1289,1031,罗马广场,221,0.08,1,0.08
1296,1037,荷塘月色公园,221,0.08,1,0.08
419,335,鹏城广场,222,1,1,1.0
747,598,大鹏古城小区-北门广场,222,0.55,1,0.55
680,544,凤凰广场,222,0.55,1,0.55
717,574,119消防主题公园,222,0.55,1,0.55
180,144,万方广场,221,1,1,1.0
463,370,大鹏广场,221,0.9,1,0.9
624,499,大鹏社区公园,221,0.9,1,0.9
702,562,大鹏旱塘仔法治文化主题公园,221,0.55,1,0.55
1289,1031,罗马广场,221,0.08,1,0.08
1296,1037,荷塘月色公园,221,0.08,1,0.08
419,335,鹏城广场,222,1,1,1.0
747,598,大鹏古城小区-北门广场,222,0.55,1,0.55
680,544,凤凰广场,222,0.55,1,0.55
717,574,119消防主题公园,222,0.55,1,0.55
180,144,万方广场,221,1,1,1.0
463,370,大鹏广场,221,0.9,1,0.9
624,499,大鹏社区公园,221,0.9,1,0.9
702,562,大鹏旱塘仔法治文化主题公园,221,0.55,1,0.55
1289,1031,罗马广场,221,0.08,1,0.08
1296,1037,荷塘月色公园,221,0.08,1,0.08
419,335,鹏城广场,222,1,1,1.0
747,598,大鹏古城小区-北门广场,222,0.55,1,0.55
680,544,凤凰广场,222,0.55,1,0.55
717,574,119消防主题公园,222,0.55,1,0.55
350,280,大鹏广场,223,1,1,1.0
812,650,大鹏旱塘仔法治文化主题公园,223,0.55,1,0.55
836,669,万方广场,223,0.55,1,0.55
963,770,荷塘月色公园,223,0.25,1,0.25
1068,854,大鹏社区公园,223,0.25,1,0.25
1083,866,大鹏,223,0.25,1,0.25
164,131,水头公园,224,1,1,1.0
352,282,听风广场,224,1,1,1.0
686,549,社区公园,224,0.55,1,0.55
269,215,大鹏布新社区公园,225,1,1,1.0
562,450,南澳广场,226,0.9,1,0.9
182,146,枫浪山公园,226,1,1,1.0
769,615,南澳消防主题公园,226,0.55,1,0.55
717,574,南澳市民广场,226,0.55,1,0.55
329,263,东山社区大碓公园,228,1,1,1.0